1.414213562373095, 0.0, 0.7071067811865475
0.0, 1.414213562373095, 0.7071067811865475
-1.414213562373095, 0.0, 0.7071067811865475
0.0, -1.414213562373095, 0.7071067811865475
0.4040610178208841, 1.0101525445522106, 0.20203050891044222
0.0, 1.0370899457402696, 0.09428090415820632
1.0370899457402696, 0.0, 0.09428090415820645
1.0101525445522106, 0.4040610178208841, 0.2020305089104419
-0.4040610178208841, -1.0101525445522106, 0.20203050891044186
0.0, -1.0370899457402696, 0.09428090415820632
-1.0370899457402696, 0.0, 0.09428090415820634
-1.0101525445522106, -0.4040610178208841, 0.2020305089104423
0.06734350297014748, 1.0101525445522108, 0.03367175148507369
0.0, 1.0056629776875343, 0.0157134840263676
0.0, 0.9428090415820634, 0.23570226039551562
0.33818150404574004, 0.9530569659470858, 0.030743773095067158
0.23570226039551573, 0.9899494936611665, 0.04714045207910311
0.7071067811865472, 0.7071067811865482, 0.7071067811865471
-0.7071067811865472, 0.7071067811865482, 0.707106781186547
-0.33818150404574004, 0.9530569659470858, 0.030743773095067227
-0.5050762722761054, 0.9091372900969896, 0.101015254455221
0.9899494936611665, 0.23570226039551573, 0.04714045207910339
0.9530569659470858, 0.33818150404574004, 0.030743773095067106
0.7071067811865482, 0.7071067811865472, 0.7071067811865469
1.0056629776875343, 0.0, 0.01571348402636774
1.0101525445522108, 0.06734350297014748, 0.033671751485073675
0.9428090415820634, 0.0, 0.23570226039551578
0.7071067811865482, -0.7071067811865472, 0.7071067811865469
0.9091372900969896, -0.5050762722761054, 0.10101525445522122
0.9530569659470858, -0.33818150404574004, 0.030743773095067106
0.33818150404574004, -0.9530569659470858, 0.030743773095067158
0.5050762722761054, -0.9091372900969896, 0.10101525445522132
0.7071067811865472, -0.7071067811865482, 0.7071067811865471
0.0, -0.9428090415820634, 0.23570226039551562
-0.06734350297014748, -1.0101525445522108, 0.033671751485073835
0.0, -1.0056629776875343, 0.0157134840263676
-0.7071067811865472, -0.7071067811865482, 0.707106781186547
-0.33818150404574004, -0.9530569659470858, 0.030743773095067227
-0.23570226039551573, -0.9899494936611665, 0.047140452079103126
-0.9091372900969896, 0.5050762722761054, 0.10101525445522103
-0.9530569659470858, 0.33818150404574004, 0.030743773095067154
-0.7071067811865482, 0.7071067811865472, 0.7071067811865462
-0.7071067811865482, -0.7071067811865472, 0.7071067811865462
-0.9899494936611665, -0.23570226039551573, 0.04714045207910311
-0.9530569659470858, -0.33818150404574004, 0.030743773095067154
-0.9428090415820634, 0.0, 0.23570226039551612
-1.0056629776875343, 0.0, 0.015713484026367963
-1.0101525445522108, -0.06734350297014748, 0.033671751485073544
0.011451121962535067, 1.0019731717218285, 0.005725560981267597
0.0, 1.0009519141653973, 0.0026835171961537376
0.0, 0.9856639980176118, 0.04285495643554781
0.05914961667720182, 1.0001662456326832, 0.005377237879745529
0.04040610178208865, 1.0020713241957933, 0.00808122035641766
0.15713484026367688, 0.9428090415820635, 0.15713484026367686
-0.15713484026367688, 0.9428090415820635, 0.15713484026367677
-0.05914961667720182, 1.0001662456326832, 0.005377237879745803
-0.08950718749196823, 1.002480499910042, 0.017901437498393603
0.2675539172057204, 0.9682903670302274, 0.012740662724081843
0.23956623187740936, 0.9737208134372131, 0.007727942963787355
0.15713484026367736, 0.9428090415820635, 0.15713484026367683
0.3339840147301774, 0.9445485416587832, 0.005218500230158987
0.31426968052735443, 0.9532846975996422, 0.01047565601757854
0.33275613232308116, 0.9150793638884733, 0.08318903308077034
1.4142135623730874, 9.02803163743161e-15, 1.4142135623730838
0.5533879157112114, 0.8608256466618838, 0.06148754619013488
0.46148021509016784, 0.8931875130777442, 0.014886458551295846
-0.20203050891044205, 0.9877047102288282, 0.022447834323382446
-0.23956623187740936, 0.9737208134372131, 0.007727942963787478
-0.15713484026367736, 0.9428090415820635, 0.15713484026367674
-1.4142135623730874, 9.02803163743161e-15, 1.414213562373084
-0.4182885184483801, 0.9162510404107378, 0.019918500878494266
-0.46148021509016784, 0.8931875130777442, 0.014886458551295995
-0.33275613232308116, 0.9150793638884733, 0.08318903308077004
-0.3339840147301774, 0.9445485416587832, 0.005218500230159165
-0.3565244274890156, 0.9388476590544078, 0.011884147582967025
0.9532846975996422, 0.31426968052735443, 0.010475656017578138
0.9445485416587832, 0.3339840147301774, 0.005218500230158754
0.9150793638884733, 0.33275613232308116, 0.08318903308077055
0.9737208134372131, 0.23956623187740936, 0.007727942963787492
0.9682903670302274, 0.2675539172057204, 0.012740662724081914
0.9428090415820635, 0.15713484026367736, 0.15713484026367672
9.02803163743161e-15, 1.4142135623730874, 1.4142135623730836
0.8931875130777442, 0.46148021509016784, 0.014886458551295827
0.8608256466618838, 0.5533879157112114, 0.06148754619013483
1.0020713241957933, 0.04040610178208865, 0.008081220356417363
1.0001662456326832, 0.05914961667720182, 0.005377237879745723
0.9428090415820635, 0.15713484026367688, 0.15713484026367655
1.0009519141653973, 0.0, 0.002683517196154117
1.0019731717218285, 0.011451121962535067, 0.0057255609812674624
0.9856639980176118, 0.0, 0.04285495643554771
0.9428090415820635, -0.15713484026367688, 0.15713484026367655
1.002480499910042, -0.08950718749196823, 0.017901437498393867
1.0001662456326832, -0.05914961667720182, 0.005377237879745723
0.9737208134372131, -0.23956623187740936, 0.007727942963787492
0.9877047102288282, -0.20203050891044205, 0.02244783432338232
0.9428090415820635, -0.15713484026367736, 0.15713484026367672
0.9150793638884733, -0.33275613232308116, 0.08318903308077055
0.9388476590544078, -0.3565244274890156, 0.011884147582967361
0.9445485416587832, -0.3339840147301774, 0.005218500230158754
9.02803163743161e-15, -1.4142135623730874, 1.4142135623730836
0.8931875130777442, -0.46148021509016784, 0.014886458551295827
0.9162510404107378, -0.4182885184483801, 0.019918500878494394
0.4182885184483801, -0.9162510404107378, 0.019918500878494214
0.46148021509016784, -0.8931875130777442, 0.014886458551295846
1.4142135623730874, -9.02803163743161e-15, 1.4142135623730838
0.3339840147301774, -0.9445485416587832, 0.005218500230158987
0.3565244274890156, -0.9388476590544078, 0.011884147582967004
0.33275613232308116, -0.9150793638884733, 0.08318903308077034
0.15713484026367736, -0.9428090415820635, 0.15713484026367683
0.20203050891044205, -0.9877047102288282, 0.02244783432338213
0.23956623187740936, -0.9737208134372131, 0.007727942963787355
0.05914961667720182, -1.0001662456326832, 0.005377237879745529
0.08950718749196823, -1.002480499910042, 0.017901437498393513
0.15713484026367688, -0.9428090415820635, 0.15713484026367686
0.0, -0.9856639980176118, 0.04285495643554781
-0.011451121962535067, -1.0019731717218285, 0.005725560981267734
0.0, -1.0009519141653973, 0.0026835171961537376
-0.15713484026367688, -0.9428090415820635, 0.15713484026367677
-0.05914961667720182, -1.0001662456326832, 0.005377237879745803
-0.04040610178208865, -1.0020713241957933, 0.008081220356417677
-0.5533879157112114, -0.8608256466618838, 0.06148754619013486
-0.46148021509016784, -0.8931875130777442, 0.014886458551295995
-1.4142135623730874, -9.02803163743161e-15, 1.414213562373084
-0.15713484026367736, -0.9428090415820635, 0.15713484026367674
-0.2675539172057204, -0.9682903670302274, 0.012740662724082136
-0.23956623187740936, -0.9737208134372131, 0.007727942963787478
-0.33275613232308116, -0.9150793638884733, 0.08318903308077004
-0.3339840147301774, -0.9445485416587832, 0.005218500230159165
-0.31426968052735443, -0.9532846975996422, 0.010475656017578201
-0.9388476590544078, 0.3565244274890156, 0.011884147582966948
-0.9445485416587832, 0.3339840147301774, 0.005218500230159107
-0.9150793638884733, 0.33275613232308116, 0.08318903308077033
-0.8931875130777442, 0.46148021509016784, 0.014886458551295816
-0.9162510404107378, 0.4182885184483801, 0.01991850087849428
-9.02803163743161e-15, 1.4142135623730874, 1.4142135623730838
-0.9428090415820635, 0.15713484026367736, 0.15713484026367666
-0.9737208134372131, 0.23956623187740936, 0.007727942963787271
-0.9877047102288282, 0.20203050891044205, 0.022447834323382376
-0.8931875130777442, -0.46148021509016784, 0.014886458551295816
-0.8608256466618838, -0.5533879157112114, 0.06148754619013486
-9.02803163743161e-15, -1.4142135623730874, 1.4142135623730838
-0.9150793638884733, -0.33275613232308116, 0.08318903308077033
-0.9532846975996422, -0.31426968052735443, 0.010475656017578716
-0.9445485416587832, -0.3339840147301774, 0.005218500230159107
-0.9428090415820635, -0.15713484026367736, 0.15713484026367666
-0.9737208134372131, -0.23956623187740936, 0.007727942963787271
-0.9682903670302274, -0.2675539172057204, 0.01274066272408185
-1.002480499910042, 0.08950718749196823, 0.017901437498393562
-1.0001662456326832, 0.05914961667720182, 0.005377237879745709
-0.9428090415820635, 0.15713484026367688, 0.15713484026367674
-0.9428090415820635, -0.15713484026367688, 0.15713484026367674
-1.0020713241957933, -0.04040610178208865, 0.008081220356417724
-1.0001662456326832, -0.05914961667720182, 0.005377237879745709
-0.9856639980176118, 0.0, 0.04285495643554782
-1.0009519141653973, 0.0, 0.002683517196153895
-1.0019731717218285, -0.011451121962535067, 0.0057255609812672656
0.001961461251557548, 1.0003452382944225, 0.0009807306257787985
0.0, 1.0001627471044594, 0.00046005646140970816
0.0, 0.9973927229368146, 0.007443229275647283
0.01014103597529596, 1.0002749121087406, 0.0009219123613904179
0.006918853044878112, 1.0004661502893812, 0.001383770608975663
0.028284271247461978, 0.9899494936611664, 0.02828427124746215
-0.028284271247461978, 0.9899494936611664, 0.028284271247461933
-0.01014103597529596, 1.0002749121087406, 0.0009219123613907736
-0.015305341584124355, 1.000969339601736, 0.0030610683168246565
0.04654934923171661, 0.9997026906430502, 0.002216635677700593
0.04159451654038539, 0.9996101555673204, 0.0013417585980770314
0.02828427124746225, 0.9899494936611662, 0.028284271247461995
0.058848938876383906, 0.9985929315586352, 0.0009195146699436951
0.055099229702848036, 0.9991326986116412, 0.0018366409900948313
0.06017930052651489, 0.9929584586874922, 0.015044825131629197
0.7071067811865355, 0.7071067811865558, 0.7071067811865331
0.10101525445522126, 0.9989286273905196, 0.011223917161691176
0.08334718713605711, 0.9974776266928104, 0.002688618939872822
-0.03477574333704371, 1.0007686138104688, 0.0038639714818935753
-0.04159451654038539, 0.9996101555673204, 0.001341758598077023
-0.02828427124746225, 0.9899494936611662, 0.02828427124746186
-0.7071067811865355, 0.7071067811865558, 0.7071067811865328
-0.0746193085674248, 0.9984774146403006, 0.0035533004079723704
-0.08334718713605711, 0.9974776266928104, 0.00268861893987286
-0.06017930052651489, 0.9929584586874922, 0.015044825131629006
-0.058848938876383906, 0.9985929315586352, 0.0009195146699433694
-0.06294719120355062, 0.9987621004296636, 0.0020982397067848537
0.244664323528425, 0.9705914372940824, 0.002688618939872908
0.2392267801771308, 0.9714457648076867, 0.0013216949181057147
0.23570226039551562, 0.9642365197998375, 0.021427478217774163
0.2643782030549108, 0.9651902651211035, 0.0020982397067849053
0.2571297386132898, 0.9676198058342231, 0.0033832860343854243
0.2828427124746187, 0.9428090415820635, 0.04714045207910314
9.251858538542936e-16, 0.9428090415820631, 0.23570226039551484
0.20695808229850157, 0.9796015895462414, 0.003449301371641433
0.18678292333229557, 0.987281166184991, 0.01334163738087818
0.3211767064730105, 0.9479893110413055, 0.0025901347296210867
0.31540014700407154, 0.949591840442366, 0.0016956997150756794
0.2828427124746196, 0.9428090415820636, 0.04714045207910211
0.3334397337327209, 0.9431070216837013, 0.0008939403049133824
0.329983164553722, 0.9446946596652275, 0.001885618083164135
0.3319072646385834, 0.9379987913699097, 0.014430750636459795
0.3856946079199353, 0.8999540851465148, 0.06428243465332309
0.36328421785730874, 0.9341594173473654, 0.0064872181760230714
0.3526055262753294, 0.9364899461291005, 0.0018957286358889322
0.4182885184483801, 0.9096115401179063, 0.003319750146415633
0.40406101782088405, 0.9183204950474643, 0.009183204950474711
0.3856946079199346, 0.8999540851465151, 0.06428243465332291
0.45753968194423655, 0.8734848473480878, 0.04159451654038549
0.4694238295272041, 0.8853689949310553, 0.0059420737914837336
0.4587323562536383, 0.8895859505250113, 0.002534432907478661
-1.0658141036401612e-14, 1.4142135623731071, 0.7071067811865632
0.5237828008789244, 0.8555119081022426, 0.008729713347982138
0.5004140297627874, 0.8702852691526738, 0.010878565864408852
-0.23372985654283357, 0.9733813012986364, 0.0029586057790232296
-0.2392267801771308, 0.9714457648076867, 0.001321694918105655
-0.23570226039551562, 0.9642365197998375, 0.021427478217773913
-0.20695808229850157, 0.9796015895462414, 0.003449301371641808
-0.2183014223797395, 0.9776107176136161, 0.00474568309521176
-9.251858538542936e-16, 0.9428090415820631, 0.2357022603955148
-0.2828427124746187, 0.9428090415820635, 0.047140452079103015
-0.2643782030549108, 0.9651902651211035, 0.002098239706785134
-0.27533361391334565, 0.9636676486967108, 0.006257582134394239
-0.5237828008789244, 0.8555119081022426, 0.008729713347982102
-0.582323231565393, 0.8318903308077028, 0.041594516540385464
1.0658141036401612e-14, 1.4142135623731071, 0.7071067811865631
-0.45753968194423655, 0.8734848473480878, 0.04159451654038565
-0.44997704257325744, 0.8950092824808749, 0.0049448026656402026
-0.4587323562536383, 0.8895859505250113, 0.0025344329074786925
-0.3856946079199346, 0.8999540851465151, 0.06428243465332296
-0.4182885184483801, 0.9096115401179063, 0.003319750146415851
-0.4299209229614208, 0.9050966799187808, 0.005656854249492372
-0.30696108330578825, 0.9537719374144131, 0.005481447916174564
-0.31540014700407154, 0.949591840442366, 0.0016956997150756432
-0.2828427124746196, 0.9428090415820636, 0.04714045207910221
-0.3856946079199353, 0.8999540851465148, 0.06428243465332302
-0.34656616943530383, 0.9390825236311461, 0.0027948884631880714
-0.3526055262753294, 0.9364899461291005, 0.0018957286358888589
-0.3319072646385834, 0.9379987913699097, 0.014430750636460266
-0.3334397337327209, 0.9431070216837013, 0.0008939403049134419
-0.33717625805898055, 0.9421668010905226, 0.0019267214746226209
0.9446946596652275, 0.329983164553722, 0.0018856180831640465
0.9431070216837013, 0.3334397337327209, 0.000893940304913396
0.9379987913699097, 0.3319072646385834, 0.014430750636460427
0.949591840442366, 0.31540014700407154, 0.0016956997150755467
0.9479893110413055, 0.3211767064730105, 0.0025901347296211053
0.9428090415820636, 0.2828427124746196, 0.04714045207910221
0.8999540851465148, 0.3856946079199353, 0.06428243465332316
0.9364899461291005, 0.3526055262753294, 0.001895728635888946
0.9341594173473654, 0.36328421785730874, 0.006487218176023712
0.9676198058342231, 0.2571297386132898, 0.0033832860343854035
0.9651902651211035, 0.2643782030549108, 0.002098239706785077
0.9428090415820635, 0.2828427124746187, 0.047140452079103286
0.9714457648076867, 0.2392267801771308, 0.0013216949181056132
0.9705914372940824, 0.244664323528425, 0.0026886189398728465
0.9642365197998375, 0.23570226039551562, 0.0214274782177738
0.9428090415820636, 2.1834386150961307e-15, 0.2357022603955136
0.987281166184991, 0.18678292333229557, 0.01334163738087822
0.9796015895462414, 0.20695808229850157, 0.0034493013716418016
0.9183204950474643, 0.40406101782088405, 0.009183204950474817
0.9096115401179063, 0.4182885184483801, 0.0033197501464155717
0.8999540851465151, 0.3856946079199346, 0.0642824346533229
1.4142135623731071, -1.0658141036401612e-14, 0.7071067811865632
0.8702852691526738, 0.5004140297627874, 0.010878565864408394
0.8555119081022426, 0.5237828008789244, 0.008729713347981907
0.8734848473480878, 0.45753968194423655, 0.041594516540385526
0.8895859505250113, 0.4587323562536383, 0.0025344329074785546
0.8853689949310553, 0.4694238295272041, 0.005942073791483572
0.9991326986116412, 0.055099229702848036, 0.0018366409900949217
0.9985929315586352, 0.058848938876383906, 0.0009195146699437221
0.9929584586874922, 0.06017930052651489, 0.01504482513162909
0.9996101555673204, 0.04159451654038539, 0.0013417585980770785
0.9997026906430502, 0.04654934923171661, 0.0022166356777008475
0.9899494936611662, 0.02828427124746225, 0.02828427124746163
0.7071067811865558, 0.7071067811865355, 0.7071067811865329
0.9974776266928104, 0.08334718713605711, 0.00268861893987276
0.9989286273905196, 0.10101525445522126, 0.011223917161691244
1.0004661502893812, 0.006918853044878112, 0.0013837706089756038
1.0002749121087406, 0.01014103597529596, 0.0009219123613904405
0.9899494936611664, 0.028284271247461978, 0.028284271247461874
1.0001627471044594, 0.0, 0.0004600564614096747
1.0003452382944225, 0.001961461251557548, 0.0009807306257786843
0.9973927229368146, 0.0, 0.007443229275647556
0.9899494936611664, -0.028284271247461978, 0.028284271247461874
1.000969339601736, -0.015305341584124355, 0.0030610683168248573
1.0002749121087406, -0.01014103597529596, 0.0009219123613904405
0.9996101555673204, -0.04159451654038539, 0.0013417585980770785
1.0007686138104688, -0.03477574333704371, 0.003863971481893577
0.9899494936611662, -0.02828427124746225, 0.02828427124746163
0.9929584586874922, -0.06017930052651489, 0.01504482513162909
0.9987621004296636, -0.06294719120355062, 0.002098239706785099
0.9985929315586352, -0.058848938876383906, 0.0009195146699437221
0.7071067811865558, -0.7071067811865355, 0.7071067811865329
0.9974776266928104, -0.08334718713605711, 0.00268861893987276
0.9984774146403006, -0.0746193085674248, 0.0035533004079726514
0.9776107176136161, -0.2183014223797395, 0.004745683095211875
0.9796015895462414, -0.20695808229850157, 0.0034493013716418016
0.9428090415820636, -2.1834386150961307e-15, 0.2357022603955136
0.9714457648076867, -0.2392267801771308, 0.0013216949181056132
0.9733813012986364, -0.23372985654283357, 0.0029586057790230804
0.9642365197998375, -0.23570226039551562, 0.0214274782177738
0.9428090415820635, -0.2828427124746187, 0.047140452079103286
0.9636676486967108, -0.27533361391334565, 0.006257582134394077
0.9651902651211035, -0.2643782030549108, 0.002098239706785077
0.949591840442366, -0.31540014700407154, 0.0016956997150755467
0.9537719374144131, -0.30696108330578825, 0.005481447916174666
0.9428090415820636, -0.2828427124746196, 0.04714045207910221
0.9379987913699097, -0.3319072646385834, 0.014430750636460427
0.9421668010905226, -0.33717625805898055, 0.0019267214746230019
0.9431070216837013, -0.3334397337327209, 0.000893940304913396
0.8999540851465148, -0.3856946079199353, 0.06428243465332316
0.9364899461291005, -0.3526055262753294, 0.001895728635888946
0.9390825236311461, -0.34656616943530383, 0.0027948884631880393
0.8318903308077028, -0.582323231565393, 0.041594516540385415
0.8555119081022426, -0.5237828008789244, 0.008729713347981907
1.4142135623731071, 1.0658141036401612e-14, 0.7071067811865632
0.8999540851465151, -0.3856946079199346, 0.0642824346533229
0.9050966799187808, -0.4299209229614208, 0.005656854249492536
0.9096115401179063, -0.4182885184483801, 0.0033197501464155717
0.8734848473480878, -0.45753968194423655, 0.041594516540385526
0.8895859505250113, -0.4587323562536383, 0.0025344329074785546
0.8950092824808749, -0.44997704257325744, 0.0049448026656401245
0.44997704257325744, -0.8950092824808749, 0.0049448026656404
0.4587323562536383, -0.8895859505250113, 0.002534432907478661
0.45753968194423655, -0.8734848473480878, 0.04159451654038549
0.4182885184483801, -0.9096115401179063, 0.003319750146415633
0.4299209229614208, -0.9050966799187808, 0.005656854249492391
0.3856946079199346, -0.8999540851465151, 0.06428243465332291
-1.0658141036401612e-14, -1.4142135623731071, 0.7071067811865632
0.5237828008789244, -0.8555119081022426, 0.008729713347982138
0.582323231565393, -0.8318903308077028, 0.04159451654038529
0.34656616943530383, -0.9390825236311461, 0.0027948884631880688
0.3526055262753294, -0.9364899461291005, 0.0018957286358889322
0.3856946079199353, -0.8999540851465148, 0.06428243465332309
0.3334397337327209, -0.9431070216837013, 0.0008939403049133824
0.33717625805898055, -0.9421668010905226, 0.0019267214746228295
0.3319072646385834, -0.9379987913699097, 0.014430750636459795
0.2828427124746196, -0.9428090415820636, 0.04714045207910211
0.30696108330578825, -0.9537719374144131, 0.005481447916175024
0.31540014700407154, -0.949591840442366, 0.0016956997150756794
0.2643782030549108, -0.9651902651211035, 0.0020982397067849053
0.27533361391334565, -0.9636676486967108, 0.0062575821343941115
0.2828427124746187, -0.9428090415820635, 0.04714045207910314
0.23570226039551562, -0.9642365197998375, 0.021427478217774163
0.23372985654283357, -0.9733813012986364, 0.0029586057790231893
0.2392267801771308, -0.9714457648076867, 0.0013216949181057147
2.1834386150961307e-15, -0.9428090415820636, 0.2357022603955135
0.20695808229850157, -0.9796015895462414, 0.003449301371641433
0.2183014223797395, -0.9776107176136161, 0.004745683095211776
0.0746193085674248, -0.9984774146403006, 0.0035533004079728427
0.08334718713605711, -0.9974776266928104, 0.002688618939872822
0.7071067811865355, -0.7071067811865558, 0.7071067811865331
0.058848938876383906, -0.9985929315586352, 0.0009195146699436951
0.06294719120355062, -0.9987621004296636, 0.0020982397067851716
0.06017930052651489, -0.9929584586874922, 0.015044825131629197
0.02828427124746225, -0.9899494936611662, 0.028284271247461995
0.03477574333704371, -1.0007686138104688, 0.00386397148189346
0.04159451654038539, -0.9996101555673204, 0.0013417585980770314
0.01014103597529596, -1.0002749121087406, 0.0009219123613904179
0.015305341584124355, -1.000969339601736, 0.0030610683168247835
0.028284271247461978, -0.9899494936611664, 0.02828427124746215
0.0, -0.9973927229368146, 0.007443229275647283
-0.001961461251557548, -1.0003452382944225, 0.0009807306257789978
0.0, -1.0001627471044594, 0.00046005646140970816
-0.028284271247461978, -0.9899494936611664, 0.028284271247461933
-0.01014103597529596, -1.0002749121087406, 0.0009219123613907736
-0.006918853044878112, -1.0004661502893812, 0.0013837706089757618
-0.10101525445522126, -0.9989286273905196, 0.011223917161691098
-0.08334718713605711, -0.9974776266928104, 0.00268861893987286
-0.7071067811865355, -0.7071067811865558, 0.7071067811865328
-0.02828427124746225, -0.9899494936611662, 0.02828427124746186
-0.04654934923171661, -0.9997026906430502, 0.0022166356777007412
-0.04159451654038539, -0.9996101555673204, 0.001341758598077023
-0.06017930052651489, -0.9929584586874922, 0.015044825131629006
-0.058848938876383906, -0.9985929315586352, 0.0009195146699433694
-0.055099229702848036, -0.9991326986116412, 0.001836640990094936
-0.4694238295272041, -0.8853689949310553, 0.005942073791483599
-0.4587323562536383, -0.8895859505250113, 0.0025344329074786925
-0.45753968194423655, -0.8734848473480878, 0.04159451654038565
-0.5237828008789244, -0.8555119081022426, 0.008729713347982102
-0.5004140297627874, -0.8702852691526738, 0.010878565864408577
1.0658141036401612e-14, -1.4142135623731071, 0.7071067811865631
-0.3856946079199346, -0.8999540851465151, 0.06428243465332296
-0.4182885184483801, -0.9096115401179063, 0.003319750146415851
-0.40406101782088405, -0.9183204950474643, 0.009183204950474649
-0.20695808229850157, -0.9796015895462414, 0.003449301371641808
-0.18678292333229557, -0.987281166184991, 0.01334163738087819
-2.1834386150961307e-15, -0.9428090415820636, 0.23570226039551354
-0.23570226039551562, -0.9642365197998375, 0.021427478217773913
-0.244664323528425, -0.9705914372940824, 0.0026886189398728382
-0.2392267801771308, -0.9714457648076867, 0.001321694918105655
-0.2828427124746187, -0.9428090415820635, 0.047140452079103015
-0.2643782030549108, -0.9651902651211035, 0.002098239706785134
-0.2571297386132898, -0.9676198058342231, 0.0033832860343855193
-0.36328421785730874, -0.9341594173473654, 0.00648721817602331
-0.3526055262753294, -0.9364899461291005, 0.0018957286358888589
-0.3856946079199353, -0.8999540851465148, 0.06428243465332302
-0.2828427124746196, -0.9428090415820636, 0.04714045207910221
-0.3211767064730105, -0.9479893110413055, 0.002590134729620917
-0.31540014700407154, -0.949591840442366, 0.0016956997150756432
-0.3319072646385834, -0.9379987913699097, 0.014430750636460266
-0.3334397337327209, -0.9431070216837013, 0.0008939403049134419
-0.329983164553722, -0.9446946596652275, 0.001885618083164016
-0.9421668010905226, 0.33717625805898055, 0.001926721474622834
-0.9431070216837013, 0.3334397337327209, 0.0008939403049133259
-0.9379987913699097, 0.3319072646385834, 0.014430750636460331
-0.9364899461291005, 0.3526055262753294, 0.0018957286358887173
-0.9390825236311461, 0.34656616943530383, 0.0027948884631878545
-0.8999540851465148, 0.3856946079199353, 0.06428243465332298
-0.9428090415820636, 0.2828427124746196, 0.04714045207910226
-0.949591840442366, 0.31540014700407154, 0.0016956997150757486
-0.9537719374144131, 0.30696108330578825, 0.005481447916174367
-0.9050966799187808, 0.4299209229614208, 0.005656854249492436
-0.9096115401179063, 0.4182885184483801, 0.0033197501464156715
-0.8999540851465151, 0.3856946079199346, 0.06428243465332269
-0.8895859505250113, 0.4587323562536383, 0.002534432907478955
-0.8950092824808749, 0.44997704257325744, 0.004944802665640259
-0.8734848473480878, 0.45753968194423655, 0.04159451654038519
-1.4142135623731071, -1.0658141036401612e-14, 0.7071067811865631
-0.8318903308077028, 0.582323231565393, 0.04159451654038578
-0.8555119081022426, 0.5237828008789244, 0.00872971334798211
-0.9636676486967108, 0.27533361391334565, 0.006257582134394232
-0.9651902651211035, 0.2643782030549108, 0.002098239706785004
-0.9428090415820635, 0.2828427124746187, 0.047140452079103
-0.9428090415820636, 2.1834386150961307e-15, 0.23570226039551406
-0.9776107176136161, 0.2183014223797395, 0.004745683095211638
-0.9796015895462414, 0.20695808229850157, 0.0034493013716415826
-0.9642365197998375, 0.23570226039551562, 0.02142747821777404
-0.9714457648076867, 0.2392267801771308, 0.0013216949181052674
-0.9733813012986364, 0.23372985654283357, 0.0029586057790233207
-0.8702852691526738, -0.5004140297627874, 0.010878565864408852
-0.8555119081022426, -0.5237828008789244, 0.00872971334798211
-1.4142135623731071, 1.0658141036401612e-14, 0.7071067811865631
-0.8895859505250113, -0.4587323562536383, 0.002534432907478955
-0.8853689949310553, -0.4694238295272041, 0.005942073791483949
-0.8734848473480878, -0.45753968194423655, 0.04159451654038519
-0.8999540851465151, -0.3856946079199346, 0.06428243465332269
-0.9183204950474643, -0.40406101782088405, 0.009183204950474644
-0.9096115401179063, -0.4182885184483801, 0.0033197501464156715
-0.9364899461291005, -0.3526055262753294, 0.0018957286358887173
-0.9341594173473654, -0.36328421785730874, 0.006487218176023341
-0.8999540851465148, -0.3856946079199353, 0.06428243465332298
-0.9379987913699097, -0.3319072646385834, 0.014430750636460331
-0.9446946596652275, -0.329983164553722, 0.001885618083164009
-0.9431070216837013, -0.3334397337327209, 0.0008939403049133259
-0.9428090415820636, -0.2828427124746196, 0.04714045207910226
-0.949591840442366, -0.31540014700407154, 0.0016956997150757486
-0.9479893110413055, -0.3211767064730105, 0.002590134729620952
-0.987281166184991, -0.18678292333229557, 0.013341637380878199
-0.9796015895462414, -0.20695808229850157, 0.0034493013716415826
-0.9428090415820636, -2.1834386150961307e-15, 0.23570226039551406
-0.9428090415820635, -0.2828427124746187, 0.047140452079103
-0.9676198058342231, -0.2571297386132898, 0.0033832860343855353
-0.9651902651211035, -0.2643782030549108, 0.002098239706785004
-0.9642365197998375, -0.23570226039551562, 0.02142747821777404
-0.9714457648076867, -0.2392267801771308, 0.0013216949181052674
-0.9705914372940824, -0.244664323528425, 0.0026886189398726674
-0.9987621004296636, 0.06294719120355062, 0.0020982397067849695
-0.9985929315586352, 0.058848938876383906, 0.0009195146699434741
-0.9929584586874922, 0.06017930052651489, 0.01504482513162887
-0.9974776266928104, 0.08334718713605711, 0.0026886189398726474
-0.9984774146403006, 0.0746193085674248, 0.0035533004079727685
-0.7071067811865558, 0.7071067811865355, 0.7071067811865333
-0.9899494936611662, 0.02828427124746225, 0.02828427124746181
-0.9996101555673204, 0.04159451654038539, 0.0013417585980768365
-1.0007686138104688, 0.03477574333704371, 0.00386397148189395
-0.9974776266928104, -0.08334718713605711, 0.0026886189398726474
-0.9989286273905196, -0.10101525445522126, 0.011223917161691126
-0.7071067811865558, -0.7071067811865355, 0.7071067811865333
-0.9929584586874922, -0.06017930052651489, 0.01504482513162887
-0.9991326986116412, -0.055099229702848036, 0.0018366409900949664
-0.9985929315586352, -0.058848938876383906, 0.0009195146699434741
-0.9899494936611662, -0.02828427124746225, 0.02828427124746181
-0.9996101555673204, -0.04159451654038539, 0.0013417585980768365
-0.9997026906430502, -0.04654934923171661, 0.0022166356777003292
-1.000969339601736, 0.015305341584124355, 0.0030610683168249813
-1.0002749121087406, 0.01014103597529596, 0.0009219123613905866
-0.9899494936611664, 0.028284271247461978, 0.028284271247462394
-0.9899494936611664, -0.028284271247461978, 0.028284271247462394
-1.0004661502893812, -0.006918853044878112, 0.0013837706089755754
-1.0002749121087406, -0.01014103597529596, 0.0009219123613905866
-0.9973927229368146, 0.0, 0.007443229275647556
-1.0001627471044594, 0.0, 0.00046005646140934164
-1.0003452382944225, -0.001961461251557548, 0.0009807306257786452
0.0003364371505584946, 1.0000594300354526, 0.00016821857527923124
0.0, 1.0000279060678325, 7.892257170429429e-05
0.0, 0.9995482282474095, 0.0012798312781653232
0.0017395000767195202, 1.0000544077432016, 0.00015813637061077858
0.001186619871096611, 1.0000832273603326, 0.00023732397421936577
0.00489347253416267, 0.9982683969692431, 0.004893472534162669
-0.00489347253416267, 0.9982683969692431, 0.004893472534162865
-0.0017395000767195202, 1.0000544077432016, 0.00015813637061095522
-0.0026237728429926743, 1.0001822077488383, 0.0005247545685986435
0.007985610328000652, 1.0001026267924817, 0.0003802671584762909
0.007136679217575349, 1.0000559522950878, 0.0002302154586314663
0.004893472534163001, 0.9982683969692435, 0.004893472534162696
0.010102652973755823, 1.0000047904491078, 0.00015785395271486702
0.009455406033250064, 1.0000667781167438, 0.00031518020110831124
0.010379549081637409, 0.9990315991075992, 0.0025948872704095794
0.15713484026368996, 0.942809041582056, 0.15713484026369176
0.01731690076375244, 1.000532044127904, 0.0019241000848615308
0.014312967820295789, 1.0000609128632465, 0.0004617086393644605
-0.005961556000635854, 1.000216617884484, 0.0006623951111818644
-0.007136679217575349, 1.0000559522950878, 0.0002302154586315492
-0.004893472534163001, 0.9982683969692435, 0.004893472534162852
-0.15713484026368996, 0.942809041582056, 0.15713484026369198
-0.012806591121101722, 1.0001337827908046, 0.0006098376724334293
-0.014312967820295789, 1.0000609128632465, 0.00046170863936423475
-0.010379549081637409, 0.9990315991075992, 0.002594887270409531
-0.010102652973755823, 1.0000047904491078, 0.00015785395271509974
-0.010803770529970277, 1.0000690253909053, 0.00036012568433236105
0.042571430425389425, 0.9992590702047407, 0.00046781791676249506
0.041614803249801935, 0.9992151100753489, 0.00022991604005404362
0.04126352569258394, 0.9978270758388414, 0.0037512296084167116
0.0461275974266142, 0.9990651855335687, 0.00036609204306845716
0.04480209701557132, 0.999204663702541, 0.0005895012765207901
0.05020876552803912, 0.9958071829727709, 0.008368127588006766
-2.664399323827003e-16, 0.9856639980176118, 0.042854956435548715
0.03584825253163759, 0.9995687747571559, 0.0005974708755272317
0.03219347946865608, 1.0002973977760918, 0.002299534247760777
0.05651385167072628, 0.998563298472269, 0.00045575686831250667
0.05545935538718026, 0.998566565546594, 0.000298168577350448
0.05020876552803896, 0.9958071829727709, 0.008368127588006556
0.05882699439781039, 0.9983240604239646, 0.00015771312171000232
0.05816389504472206, 0.9984248040819689, 0.0003323651145411727
0.05881900892329348, 0.9973658034819296, 0.002557348214056528
0.0701262923490789, 0.9934558082786203, 0.011687715391512705
0.06433465434028694, 0.9983359753876679, 0.001148833113218971
0.062406577129631484, 0.9981697148422202, 0.0003355192318796923
0.07502775109853067, 0.9973927229368144, 0.0005954583420516758
0.07210358834810698, 0.9979792114544783, 0.0016387179170025178
0.07012629234907934, 0.9934558082786207, 0.011687715391513167
0.08408837397894094, 0.9937716924783913, 0.007644397634448666
0.08521958156176557, 0.9967454856084974, 0.0010787288805288254
0.08313499668383596, 0.9967013414581409, 0.00045930937394372844
-2.355138688025677e-15, 1.037089945740271, 0.0942809041582092
0.09653334896744704, 0.9959023835141593, 0.001608889149457887
0.09149623610290085, 0.9965133540772441, 0.0019890486109327603
-0.040611730798791476, 0.9993570211753167, 0.0005140725417570081
-0.041614803249801935, 0.9992151100753489, 0.0002299160400540994
-0.04126352569258394, 0.9978270758388414, 0.0037512296084162154
-0.03584825253163759, 0.9995687747571559, 0.0005974708755273439
-0.03784399294308481, 0.9995750309966902, 0.000822695498762761
2.664399323827003e-16, 0.9856639980176118, 0.0428549564355488
-0.05020876552803912, 0.9958071829727709, 0.008368127588006768
-0.0461275974266142, 0.9990651855335687, 0.00036609204306819576
-0.04805049941653773, 0.9992319765029974, 0.0010920568049215624
-0.09653334896744704, 0.9959023835141593, 0.001608889149457035
-0.1081912014930243, 0.9969046423285753, 0.007727942963787621
2.355138688025677e-15, 1.037089945740271, 0.09428090415820897
-0.08408837397894094, 0.9937716924783913, 0.007644397634448803
-0.0812971788856298, 0.9970071608391498, 0.0008933755921497955
-0.08313499668383596, 0.9967013414581409, 0.00045930937394373793
-0.07012629234907934, 0.9934558082786207, 0.011687715391513096
-0.07502775109853067, 0.9973927229368144, 0.0005954583420516629
-0.07726831828925637, 0.9973713189705293, 0.001016688398542586
-0.05383817776539314, 0.9988904767543478, 0.0009613960315250428
-0.05545935538718026, 0.998566565546594, 0.0002981685773503395
-0.05020876552803896, 0.9958071829727709, 0.008368127588006672
-0.0701262923490789, 0.9934558082786203, 0.011687715391512777
-0.06125130343495112, 0.9982974535648008, 0.0004939621244751471
-0.062406577129631484, 0.9981697148422202, 0.0003355192318796462
-0.05881900892329348, 0.9973658034819296, 0.0025573482140565855
-0.05882699439781039, 0.9983240604239646, 0.00015771312170988493
-0.0595064615088464, 0.9983484056569863, 0.00034003692290798386
0.2400952201792342, 0.970923984197862, 0.00047923197640568666
0.23914013596788175, 0.9710676232098637, 0.00022667311466155902
0.23876332871234046, 0.9697464427701221, 0.0036732819801904583
0.24390501845670853, 0.9699579930412329, 0.0004355446758154301
0.24243661069253034, 0.9704088378813042, 0.0006623951111818431
0.2503032853757688, 0.9636676486967107, 0.012515164268788534
0.222460560373297, 0.9692924416265034, 0.01589004002666261
0.23420097211274177, 0.9723607162008775, 0.0004740910366653586
0.23168003752187236, 0.9733779354217547, 0.0016088891494573845
0.2594387933538837, 0.9660920102163864, 0.00090712864809047
0.25743499750361026, 0.9665005232363811, 0.0005596412989209022
0.2503032853757694, 0.9636676486967107, 0.012515164268787815
0.26415424862623216, 0.964612249405181, 0.00035939353554597373
0.26275403809402315, 0.9651297908938365, 0.0007278505210360035
0.2640647730572166, 0.9623693951418574, 0.005868106067937859
0.332756132323079, 0.9150793638884741, 0.08318903308076803
0.2790714763082903, 0.9616652224137047, 0.003771236166328244
0.273036472953065, 0.9623574275564026, 0.0009613960315247626
0.2213166764277141, 0.9760065430462205, 0.002213166764277062
0.21732726645554007, 0.9763863686378462, 0.0007931652060420508
0.22246056037329567, 0.969292441626504, 0.01589004002666286
0.40406101782087916, 1.0101525445522097, 0.20203050891043736
0.19676014780843057, 0.9813412371945477, 0.002459501847605416
0.19063676631714352, 0.9823629284709943, 0.0019452731256851936
0.2048171366195517, 0.9753196981883412, 0.009753196981883655
0.2069149480587563, 0.9785721190243174, 0.0005895012765205345
0.20438197943122322, 0.9793874719053247, 0.001371691137122126
0.3164673706009722, 0.9488203703128416, 0.0005817414900751962
0.31530197674752225, 0.9490995966737112, 0.0002903333119222371
0.31426968052735454, 0.9475707034082357, 0.0047616618261715395
0.32053212776633866, 0.9473983158946014, 0.00043024446680061214
0.319064690660463, 0.9479970853326402, 0.00070746051144239
0.32351290642521763, 0.9428090415820637, 0.009243225897862972
0.15713484026368418, 0.942809041582061, 0.15713484026367033
0.308087628679048, 0.9516669069169507, 0.0008304248751457637
0.30328917361736274, 0.954168186661365, 0.0034077435237904142
0.3312200860368472, 0.9437252797177116, 0.0004581190678241788
0.33019619435653275, 0.9440263547409815, 0.00030432828972948333
0.32351290642521746, 0.9428090415820634, 0.009243225897863567
0.33335143495599134, 0.942860153424283, 0.00015333552665874553
0.33275613232308104, 0.9431352730843411, 0.0003262315022776265
0.3330485366572841, 0.9419805626351546, 0.002485436840726521
0.34136189436591935, 0.9363069102608078, 0.009753196981883532
0.33829395383760197, 0.9414296574685563, 0.0010345380851301048
0.3365697993364351, 0.9417750329819515, 0.0003102025800334442
0.34668940571502327, 0.938155492512063, 0.0004653549070001365
0.34457320099212774, 0.9392613123569193, 0.0013303984594288856
0.34136189436591974, 0.9363069102608079, 0.009753196981882876
0.352219226855186, 0.9339146166614777, 0.005336654952351405
0.3537391779766648, 0.9356252627576074, 0.0007431495335645361
0.35233675814112914, 0.9359958998500529, 0.00032443532057172377
1.4142135623729604, 4.780476147457758e-14, 1.4142135623729626
0.3606001592030369, 0.9330893607410112, 0.0009719680841055518
0.35769037896205214, 0.934322911594826, 0.0012729194980855938
0.40974401385212017, 0.9129733124180741, 0.0019890486109329555
0.40528420960036193, 0.9147435857529304, 0.0014270570760575548
0.3327561323230792, 0.915079363888473, 0.08318903308077225
0.41795213845766943, 0.9086904996671517, 0.0005686423652486539
0.41579648080495796, 0.9099497452266565, 0.0012638190905926259
0.4159451654038512, 0.9058361379906099, 0.00924322589786378
0.4351426345763373, 0.8920424008814906, 0.021757131728817915
0.4329798978239696, 0.9025100467629494, 0.002811557778078043
0.4282674382433335, 0.9040167011614718, 0.0009310161700941375
0.4502328566963802, 0.8932298281958547, 0.000803987244100903
0.44659375653887196, 0.8957541438624506, 0.0025666307847061177
0.4351426345763364, 0.8920424008814909, 0.021757131728817342
0.45733274405100083, 0.8865219346219401, 0.007035888370015654
0.4601133945445401, 0.8882352647240198, 0.0009409271872078096
0.4583702944097129, 0.8889342392059455, 0.0004344742127108704
0.482902192029838, 0.8623253429104232, 0.034493013716417976
0.46730535104502274, 0.8844747028888587, 0.0009459622490786947
0.4644924310433627, 0.8861299056511769, 0.0013824179495340637
0.6017930052651478, 0.8124205571079477, 0.030089650263257474
0.5611049761642244, 0.8302063422838002, 0.005725560981267882
0.40406101782088316, 1.0101525445522128, 0.2020305089104446
0.48290219202983703, 0.862325342910424, 0.034493013716417456
0.5062061968225843, 0.8637143233285346, 0.003163788730141291
0.4999929239873908, 0.8667760543577033, 0.0018247916933847082
0.521026049295351, 0.8435659845734247, 0.024810764252160125
0.5219652580367575, 0.8535842111484294, 0.0014870805072271988
0.5171164743222832, 0.8570991287109665, 0.002856997095703584
-0.2382192325182372, 0.9713888540723226, 0.0004871558947202305
-0.23914013596788175, 0.9710676232098637, 0.00022667311466157498
-0.23876332871234046, 0.9697464427701221, 0.003673281980190137
-0.23420097211274177, 0.9723607162008775, 0.00047409103666565944
-0.2358192342220146, 0.9720524982068172, 0.0007018429589940287
-0.222460560373297, 0.9692924416265034, 0.015890040026662305
-0.2503032853757688, 0.9636676486967107, 0.012515164268788287
-0.24390501845670853, 0.9699579930412329, 0.0004355446758156094
-0.2463194793322505, 0.9697059962217918, 0.0014156291915650488
-0.2144778862366779, 0.9772148691658639, 0.0013404867889789565
-0.21732726645554007, 0.9763863686378462, 0.0007931652060420238
-0.22246056037329567, 0.969292441626504, 0.015890040026663062
-0.2069149480587563, 0.9785721190243174, 0.0005895012765208085
-0.20929898183935416, 0.9782703792049376, 0.0011563479659630648
-0.2048171366195517, 0.9753196981883412, 0.009753196981882865
-0.40406101782087916, 1.0101525445522097, 0.20203050891043722
-0.17788849841171028, 0.9872811661849907, 0.008894424920585493
-0.19063676631714352, 0.9823629284709943, 0.0019452731256851682
-0.25472384632217143, 0.967619805834223, 0.001654050950143777
-0.25743499750361026, 0.9665005232363811, 0.0005596412989210027
-0.2503032853757694, 0.9636676486967107, 0.012515164268788095
-0.332756132323079, 0.9150793638884741, 0.08318903308076794
-0.2699981407311005, 0.9633428807638784, 0.0013106705860730981
-0.273036472953065, 0.9623574275564026, 0.0009613960315249365
-0.2640647730572166, 0.9623693951418574, 0.005868106067938162
-0.26415424862623216, 0.964612249405181, 0.00035939353554565107
-0.2657203095492563, 0.9643466553246577, 0.0008076605153472749
-0.54655596613453, 0.8403297979318387, 0.006831949576681583
-0.5611049761642244, 0.8302063422838002, 0.005725560981267631
-0.40406101782088316, 1.0101525445522128, 0.20203050891044466
-0.5219652580367575, 0.8535842111484294, 0.0014870805072272877
-0.5281148390816823, 0.8506547743597561, 0.003544394893165758
-0.521026049295351, 0.8435659845734247, 0.024810764252159737
-0.48290219202983703, 0.862325342910424, 0.034493013716417234
-0.4927573388059561, 0.872180489686543, 0.004927573388059676
-0.4999929239873908, 0.8667760543577033, 0.0018247916933846753
-0.46730535104502274, 0.8844747028888587, 0.0009459622490794076
-0.4724982667789462, 0.8826530122467808, 0.00328123796374271
-0.482902192029838, 0.8623253429104232, 0.03449301371641801
-0.45733274405100083, 0.8865219346219401, 0.007035888370015583
-0.45681559945127054, 0.8899242017254293, 0.0009118075837353114
-0.4583702944097129, 0.8889342392059455, 0.0004344742127106387
-0.4351426345763364, 0.8920424008814909, 0.021757131728817325
-0.4502328566963802, 0.8932298281958547, 0.0008039872441005931
-0.45284528768902244, 0.8920804711032385, 0.0012372822068006857
-0.3979156031011747, 0.9195076774364994, 0.005377237879745483
-0.40528420960036193, 0.9147435857529304, 0.0014270570760577582
-0.3327561323230792, 0.915079363888473, 0.08318903308077226
-0.4351426345763373, 0.8920424008814906, 0.021757131728817606
-0.4253050250669872, 0.9056320289013827, 0.0014870805072270932
-0.4282674382433335, 0.9040167011614718, 0.0009310161700942732
-0.4159451654038512, 0.9058361379906099, 0.00924322589786351
-0.41795213845766943, 0.9086904996671517, 0.000568642365248377
-0.42019020248287003, 0.9078901881901351, 0.0011639617797312566
-0.31412303111973555, 0.9496282390363434, 0.0006599223342851175
-0.31530197674752225, 0.9490995966737112, 0.0002903333119222909
-0.31426968052735454, 0.9475707034082357, 0.004761661826171556
-0.308087628679048, 0.9516669069169507, 0.000830424875145626
-0.3107068108106644, 0.9509176416269441, 0.0011057181879383896
-0.15713484026368418, 0.942809041582061, 0.1571348402636702
-0.32351290642521763, 0.9428090415820637, 0.00924322589786298
-0.32053212776633866, 0.9473983158946014, 0.0004302444668000908
-0.3227148129115696, 0.9469623853775789, 0.0012460031386545335
-0.3606001592030369, 0.9330893607410112, 0.000971968084105255
-0.36695337332712996, 0.931814183954284, 0.004123071610417464
-1.4142135623729604, 4.780476147457758e-14, 1.414213562372962
-0.352219226855186, 0.9339146166614777, 0.005336654952351251
-0.3511328972756567, 0.9365695476966505, 0.0006454648846980751
-0.35233675814112914, 0.9359958998500529, 0.0003244353205716829
-0.34136189436591974, 0.9363069102608079, 0.00975319698188291
-0.34668940571502327, 0.938155492512063, 0.00046535490700006107
-0.3483398780066989, 0.9376598933484093, 0.0007723722350480884
-0.3286764995707192, 0.9448192954020677, 0.0010051269100023108
-0.33019619435653275, 0.9440263547409815, 0.0003043282897293992
-0.32351290642521746, 0.9428090415820634, 0.009243225897863725
-0.34136189436591935, 0.9363069102608078, 0.009753196981883662
-0.33556823288340915, 0.9421901974458101, 0.00046413310219027256
-0.3365697993364351, 0.9417750329819515, 0.00031020258003363975
-0.3330485366572841, 0.9419805626351546, 0.0024854368407262856
-0.33335143495599134, 0.942860153424283, 0.00015333552665869194
-0.3339888477935997, 0.9426998948997778, 0.0003274400468565938
0.9431352730843411, 0.33275613232308104, 0.000326231502277569
0.942860153424283, 0.33335143495599134, 0.00015333552665877678
0.9419805626351546, 0.3330485366572841, 0.002485436840726424
0.9440263547409815, 0.33019619435653275, 0.0003043282897295528
0.9437252797177116, 0.3312200860368472, 0.000458119067824108
0.9428090415820634, 0.32351290642521746, 0.00924322589786356
0.9363069102608078, 0.34136189436591935, 0.009753196981883438
0.9417750329819515, 0.3365697993364351, 0.0003102025800337738
0.9414296574685563, 0.33829395383760197, 0.001034538085130695
0.9479970853326402, 0.319064690660463, 0.0007074605114422988
0.9473983158946014, 0.32053212776633866, 0.0004302444668004175
0.9428090415820637, 0.32351290642521763, 0.009243225897862811
0.9490995966737112, 0.31530197674752225, 0.000290333311922268
0.9488203703128415, 0.3164673706009721, 0.0005817414900752946
0.9475707034082356, 0.31426968052735454, 0.004761661826171659
0.9428090415820609, 0.15713484026368063, 0.15713484026367375
0.954168186661365, 0.30328917361736274, 0.003407743523790342
0.9516669069169506, 0.3080876286790478, 0.0008304248751455955
0.9392613123569193, 0.34457320099212774, 0.0013303984594287875
0.938155492512063, 0.34668940571502327, 0.00046535490699992077
0.9363069102608079, 0.34136189436591974, 0.009753196981882538
4.780476147457758e-14, 1.4142135623729604, 1.4142135623729628
0.934322911594826, 0.35769037896205214, 0.0012729194980857176
0.9330893607410112, 0.3606001592030369, 0.0009719680841048635
0.9339146166614777, 0.352219226855186, 0.005336654952351668
0.9359958998500529, 0.35233675814112914, 0.00032443532057247013
0.9356252627576074, 0.3537391779766648, 0.0007431495335644367
0.9651297908938365, 0.26275403809402315, 0.0007278505210358777
0.964612249405181, 0.26415424862623216, 0.0003593935355458206
0.9623693951418574, 0.2640647730572166, 0.0058681060679380125
0.9665005232363811, 0.25743499750361026, 0.0005596412989209296
0.9660920102163864, 0.2594387933538837, 0.0009071286480904625
0.9636676486967107, 0.2503032853757694, 0.012515164268787597
0.9150793638884741, 0.332756132323079, 0.08318903308076808
0.9623574275564026, 0.273036472953065, 0.0009613960315249542
0.9616652224137047, 0.2790714763082903, 0.003771236166328368
0.9704088378813042, 0.24243661069253034, 0.000662395111181861
0.9699579930412329, 0.24390501845670853, 0.00043554467581539085
0.9636676486967107, 0.2503032853757688, 0.01251516426878855
0.9710676232098637, 0.23914013596788175, 0.00022667311466169704
0.970923984197862, 0.2400952201792342, 0.0004792319764056479
0.9697464427701225, 0.23876332871234054, 0.003673281980190346
0.9692924416265034, 0.222460560373297, 0.015890040026662323
0.9733779354217547, 0.23168003752187236, 0.0016088891494570473
0.9723607162008775, 0.23420097211274177, 0.0004740910366653784
0.9763863686378462, 0.2173272664555401, 0.0007931652060421427
0.9760065430462205, 0.2213166764277141, 0.00221316676427696
0.969292441626504, 0.22246056037329556, 0.0158900400266633
0.9753196981883416, 0.2048171366195517, 0.009753196981882963
0.9793874719053247, 0.20438197943122322, 0.0013716911371221756
0.9785721190243174, 0.2069149480587563, 0.000589501276520571
1.0101525445522097, 0.40406101782087916, 0.2020305089104371
0.9823629284709943, 0.19063676631714352, 0.001945273125684803
0.9813412371945477, 0.19676014780843057, 0.0024595018476051317
0.9099497452266565, 0.41579648080495796, 0.001263819090592667
0.9086904996671517, 0.41795213845766943, 0.0005686423652484919
0.9058361379906099, 0.4159451654038512, 0.00924322589786375
0.9147435857529304, 0.40528420960036193, 0.0014270570760577812
0.9129733124180741, 0.40974401385212017, 0.0019890486109327347
0.915079363888473, 0.3327561323230792, 0.083189033080772
0.8920424008814906, 0.4351426345763373, 0.02175713172881773
0.9040167011614718, 0.4282674382433335, 0.0009310161700945073
0.9025100467629494, 0.4329798978239696, 0.0028115577780780353
0.8302063422838002, 0.5611049761642244, 0.005725560981267821
0.8124205571079477, 0.6017930052651478, 0.030089650263257602
1.0101525445522128, 0.40406101782088316, 0.20203050891044483
0.8435659845734247, 0.521026049295351, 0.024810764252159976
0.8570991287109665, 0.5171164743222832, 0.0028569970957030297
0.8535842111484294, 0.5219652580367575, 0.0014870805072274148
0.862325342910424, 0.48290219202983703, 0.03449301371641728
0.8667760543577033, 0.4999929239873908, 0.0018247916933843945
0.8637143233285346, 0.5062061968225843, 0.0031637887301412147
0.8957541438624506, 0.44659375653887196, 0.002566630784706254
0.8932298281958547, 0.4502328566963802, 0.0008039872441006658
0.8920424008814909, 0.4351426345763364, 0.02175713172881748
0.8623253429104232, 0.482902192029838, 0.03449301371641808
0.8861299056511769, 0.4644924310433627, 0.0013824179495338855
0.8844747028888587, 0.46730535104502274, 0.0009459622490791147
0.8865219346219401, 0.45733274405100083, 0.007035888370015672
0.8889342392059455, 0.4583702944097129, 0.00043447421271071863
0.8882352647240198, 0.4601133945445401, 0.0009409271872076082
0.9984248040819689, 0.05816389504472206, 0.00033236511454128894
0.9983240604239646, 0.05882699439781039, 0.00015771312170987495
0.9973658034819296, 0.05881900892329348, 0.0025573482140564046
0.998566565546594, 0.05545935538718026, 0.0002981685773504053
0.998563298472269, 0.05651385167072628, 0.00045575686831216195
0.9958071829727709, 0.05020876552803896, 0.008368127588006563
0.9934558082786203, 0.0701262923490789, 0.011687715391512891
0.9981697148422202, 0.062406577129631484, 0.0003355192318797822
0.9983359753876679, 0.06433465434028694, 0.0011488331132198002
0.999204663702541, 0.04480209701557132, 0.000589501276520927
0.9990651855335687, 0.0461275974266142, 0.00036609204306831393
0.9958071829727709, 0.05020876552803912, 0.00836812758800659
0.9992151100753489, 0.041614803249801935, 0.0002299160400540579
0.9992590702047407, 0.042571430425389425, 0.0004678179167627304
0.9978270758388414, 0.04126352569258394, 0.003751229608416175
0.9856639980176118, -2.664399323827003e-16, 0.042854956435548576
1.0002973977760918, 0.03219347946865608, 0.002299534247761434
0.9995687747571559, 0.03584825253163759, 0.0005974708755272727
0.9979792114544783, 0.07210358834810698, 0.0016387179170025195
0.9973927229368144, 0.07502775109853067, 0.0005954583420516597
0.9934558082786207, 0.07012629234907934, 0.011687715391512823
1.037089945740271, -2.355138688025677e-15, 0.09428090415820914
0.9965133540772441, 0.09149623610290085, 0.0019890486109325027
0.9959023835141593, 0.09653334896744704, 0.0016088891494573478
0.9937716924783913, 0.08408837397894094, 0.0076443976344485395
0.9967013414581409, 0.08313499668383596, 0.00045930937394376417
0.9967454856084974, 0.08521958156176557, 0.0010787288805283969
1.0000667781167438, 0.009455406033250064, 0.0003151802011085106
1.0000047904491078, 0.010102652973755823, 0.000157853952714847
0.9990315991075992, 0.010379549081637409, 0.002594887270409555
1.0000559522950878, 0.007136679217575349, 0.0002302154586316538
1.0001026267924817, 0.007985610328000652, 0.0003802671584762302
0.9982683969692435, 0.004893472534163001, 0.004893472534162585
0.942809041582056, 0.15713484026368996, 0.15713484026369196
1.0000609128632465, 0.014312967820295789, 0.00046170863936456413
1.000532044127904, 0.01731690076375244, 0.0019241000848615175
1.0000832273603326, 0.001186619871096611, 0.00023732397421931698
1.0000544077432016, 0.0017395000767195202, 0.0001581363706108978
0.9982683969692431, 0.00489347253416267, 0.004893472534162938
1.0000279060678325, 0.0, 7.892257170416528e-05
1.0000594300354526, 0.0003364371505584946, 0.00016821857527922279
0.9995482282474095, 0.0, 0.0012798312781655552
0.9982683969692431, -0.00489347253416267, 0.004893472534162938
1.0001822077488383, -0.0026237728429926743, 0.0005247545685985642
1.0000544077432016, -0.0017395000767195202, 0.0001581363706108978
1.0000559522950878, -0.007136679217575349, 0.0002302154586316538
1.000216617884484, -0.005961556000635854, 0.0006623951111819562
0.9982683969692435, -0.004893472534163001, 0.004893472534162585
0.9990315991075992, -0.010379549081637409, 0.002594887270409555
1.0000690253909053, -0.010803770529970277, 0.00036012568433255144
1.0000047904491078, -0.010102652973755823, 0.000157853952714847
0.942809041582056, -0.15713484026368996, 0.15713484026369196
1.0000609128632465, -0.014312967820295789, 0.00046170863936456413
1.0001337827908046, -0.012806591121101722, 0.0006098376724334393
0.9995750309966902, -0.03784399294308481, 0.0008226954987625792
0.9995687747571559, -0.03584825253163759, 0.0005974708755272727
0.9856639980176118, 2.664399323827003e-16, 0.042854956435548576
0.9992151100753489, -0.041614803249801935, 0.0002299160400540579
0.9993570211753167, -0.040611730798791476, 0.0005140725417567851
0.9978270758388414, -0.04126352569258394, 0.003751229608416175
0.9958071829727709, -0.05020876552803912, 0.00836812758800659
0.9992319765029974, -0.04805049941653773, 0.0010920568049214087
0.9990651855335687, -0.0461275974266142, 0.00036609204306831393
0.998566565546594, -0.05545935538718026, 0.0002981685773504053
0.9988904767543478, -0.05383817776539314, 0.0009613960315249734
0.9958071829727709, -0.05020876552803896, 0.008368127588006563
0.9973658034819296, -0.05881900892329348, 0.0025573482140564046
0.9983484056569863, -0.0595064615088464, 0.0003400369229074643
0.9983240604239646, -0.05882699439781039, 0.00015771312170987495
0.9934558082786203, -0.0701262923490789, 0.011687715391512891
0.9981697148422202, -0.062406577129631484, 0.0003355192318797822
0.9982974535648008, -0.06125130343495112, 0.0004939621244754884
0.9969046423285753, -0.1081912014930243, 0.007727942963787525
0.9959023835141593, -0.09653334896744704, 0.0016088891494573478
1.037089945740271, 2.355138688025677e-15, 0.09428090415820914
0.9934558082786207, -0.07012629234907934, 0.011687715391512823
0.9973713189705293, -0.07726831828925637, 0.001016688398542779
0.9973927229368144, -0.07502775109853067, 0.0005954583420516597
0.9937716924783913, -0.08408837397894094, 0.0076443976344485395
0.9967013414581409, -0.08313499668383596, 0.00045930937394376417
0.9970071608391498, -0.0812971788856298, 0.0008933755921496482
0.9782703792049376, -0.20929898183935416, 0.0011563479659630535
0.9785721190243174, -0.2069149480587563, 0.000589501276520571
0.9753196981883416, -0.2048171366195517, 0.009753196981882963
0.9763863686378462, -0.2173272664555401, 0.0007931652060421427
0.9772148691658639, -0.2144778862366779, 0.0013404867889792577
0.969292441626504, -0.22246056037329556, 0.0158900400266633
1.0101525445522097, -0.40406101782087916, 0.2020305089104371
0.9823629284709943, -0.19063676631714352, 0.001945273125684803
0.9872811661849907, -0.17788849841171028, 0.008894424920585378
0.9720524982068172, -0.2358192342220146, 0.0007018429589941227
0.9723607162008775, -0.23420097211274177, 0.0004740910366653784
0.9692924416265034, -0.222460560373297, 0.015890040026662323
0.9710676232098637, -0.23914013596788175, 0.00022667311466169704
0.9713888540723226, -0.2382192325182372, 0.00048715589472056984
0.9697464427701225, -0.23876332871234054, 0.003673281980190346
0.9636676486967107, -0.2503032853757688, 0.01251516426878855
0.9697059962217918, -0.2463194793322505, 0.0014156291915644193
0.9699579930412329, -0.24390501845670853, 0.00043554467581539085
0.9665005232363811, -0.25743499750361026, 0.0005596412989209296
0.967619805834223, -0.25472384632217143, 0.001654050950143832
0.9636676486967107, -0.2503032853757694, 0.012515164268787597
0.9623693951418574, -0.2640647730572166, 0.0058681060679380125
0.9643466553246577, -0.2657203095492563, 0.0008076605153472333
0.964612249405181, -0.26415424862623216, 0.0003593935355458206
0.9150793638884741, -0.332756132323079, 0.08318903308076808
0.9623574275564026, -0.273036472953065, 0.0009613960315249542
0.9633428807638784, -0.2699981407311005, 0.0013106705860732291
0.9509176416269441, -0.3107068108106644, 0.0011057181879384954
0.9516669069169506, -0.3080876286790478, 0.0008304248751455955
0.9428090415820609, -0.15713484026368063, 0.15713484026367375
0.9490995966737112, -0.31530197674752225, 0.000290333311922268
0.9496282390363434, -0.3141230311197356, 0.0006599223342850057
0.9475707034082356, -0.31426968052735454, 0.004761661826171659
0.9428090415820637, -0.32351290642521763, 0.009243225897862811
0.9469623853775789, -0.3227148129115696, 0.0012460031386546542
0.9473983158946014, -0.32053212776633866, 0.0004302444668004175
0.9440263547409815, -0.33019619435653275, 0.0003043282897295528
0.9448192954020677, -0.3286764995707192, 0.001005126910002131
0.9428090415820634, -0.32351290642521746, 0.00924322589786356
0.9419805626351546, -0.3330485366572841, 0.002485436840726424
0.9426998948997778, -0.3339888477935997, 0.00032744004685643114
0.942860153424283, -0.33335143495599134, 0.00015333552665877678
0.9363069102608078, -0.34136189436591935, 0.009753196981883438
0.9417750329819515, -0.3365697993364351, 0.0003102025800337738
0.9421901974458101, -0.33556823288340915, 0.00046413310219004943
0.931814183954284, -0.36695337332712996, 0.004123071610417378
0.9330893607410112, -0.3606001592030369, 0.0009719680841048635
4.780476147457758e-14, -1.4142135623729604, 1.4142135623729628
0.9363069102608079, -0.34136189436591974, 0.009753196981882538
0.9376598933484093, -0.3483398780066989, 0.0007723722350481082
0.938155492512063, -0.34668940571502327, 0.00046535490699992077
0.9339146166614777, -0.352219226855186, 0.005336654952351668
0.9359958998500529, -0.35233675814112914, 0.00032443532057247013
0.9365695476966505, -0.3511328972756567, 0.0006454648846976193
0.8506547743597561, -0.5281148390816823, 0.0035443948931659307
0.8535842111484294, -0.5219652580367575, 0.0014870805072274148
0.8435659845734247, -0.521026049295351, 0.024810764252159976
0.8302063422838002, -0.5611049761642244, 0.005725560981267821
0.8403297979318387, -0.54655596613453, 0.006831949576681692
1.0101525445522128, -0.40406101782088316, 0.20203050891044483
0.862325342910424, -0.48290219202983703, 0.03449301371641728
0.8667760543577033, -0.4999929239873908, 0.0018247916933843945
0.872180489686543, -0.4927573388059561, 0.004927573388059469
0.9147435857529304, -0.40528420960036193, 0.0014270570760577812
0.9195076774364994, -0.3979156031011747, 0.0053772378797456305
0.915079363888473, -0.3327561323230792, 0.083189033080772
0.9058361379906099, -0.4159451654038512, 0.00924322589786375
0.9078901881901351, -0.42019020248287003, 0.0011639617797309662
0.9086904996671517, -0.41795213845766943, 0.0005686423652484919
0.8920424008814906, -0.4351426345763373, 0.02175713172881773
0.9040167011614718, -0.4282674382433335, 0.0009310161700945073
0.9056320289013827, -0.4253050250669872, 0.0014870805072272916
0.8826530122467808, -0.4724982667789462, 0.003281237963742729
0.8844747028888587, -0.46730535104502274, 0.0009459622490791147
0.8623253429104232, -0.482902192029838, 0.03449301371641808
0.8920424008814909, -0.4351426345763364, 0.02175713172881748
0.8920804711032385, -0.45284528768902244, 0.0012372822068006642
0.8932298281958547, -0.4502328566963802, 0.0008039872441006658
0.8865219346219401, -0.45733274405100083, 0.007035888370015672
0.8889342392059455, -0.4583702944097129, 0.00043447421271071863
0.8899242017254293, -0.45681559945127054, 0.0009118075837350221
0.45681559945127054, -0.8899242017254293, 0.0009118075837350339
0.4583702944097129, -0.8889342392059455, 0.0004344742127108704
0.45733274405100083, -0.8865219346219401, 0.007035888370015654
0.4502328566963802, -0.8932298281958547, 0.000803987244100903
0.45284528768902244, -0.8920804711032385, 0.001237282206800529
0.4351426345763364, -0.8920424008814909, 0.021757131728817342
0.482902192029838, -0.8623253429104232, 0.034493013716417976
0.46730535104502274, -0.8844747028888587, 0.0009459622490786947
0.4724982667789462, -0.8826530122467808, 0.0032812379637428024
0.4253050250669872, -0.9056320289013827, 0.0014870805072274614
0.4282674382433335, -0.9040167011614718, 0.0009310161700941375
0.4351426345763373, -0.8920424008814906, 0.021757131728817915
0.41795213845766943, -0.9086904996671517, 0.0005686423652486539
0.42019020248287003, -0.9078901881901351, 0.00116396177973102
0.4159451654038512, -0.9058361379906099, 0.00924322589786378
0.3327561323230792, -0.915079363888473, 0.08318903308077225
0.3979156031011747, -0.9195076774364994, 0.005377237879745789
0.40528420960036193, -0.9147435857529304, 0.0014270570760575548
0.4927573388059561, -0.872180489686543, 0.004927573388059804
0.4999929239873908, -0.8667760543577033, 0.0018247916933847082
0.48290219202983703, -0.862325342910424, 0.034493013716417456
0.40406101782088316, -1.0101525445522128, 0.2020305089104446
0.54655596613453, -0.8403297979318387, 0.006831949576681412
0.5611049761642244, -0.8302063422838002, 0.005725560981267882
0.521026049295351, -0.8435659845734247, 0.024810764252160125
0.5219652580367575, -0.8535842111484294, 0.0014870805072271988
0.5281148390816823, -0.8506547743597561, 0.003544394893165609
0.3511328972756567, -0.9365695476966505, 0.0006454648846978998
0.35233675814112914, -0.9359958998500529, 0.00032443532057172377
0.352219226855186, -0.9339146166614777, 0.005336654952351405
0.34668940571502327, -0.938155492512063, 0.0004653549070001365
0.3483398780066989, -0.9376598933484093, 0.0007723722350481832
0.34136189436591974, -0.9363069102608079, 0.009753196981882876
1.4142135623729604, -4.780476147457758e-14, 1.4142135623729626
0.3606001592030369, -0.9330893607410112, 0.0009719680841055518
0.36695337332712996, -0.931814183954284, 0.004123071610417125
0.33556823288340915, -0.9421901974458101, 0.0004641331021898754
0.3365697993364351, -0.9417750329819515, 0.0003102025800334442
0.34136189436591935, -0.9363069102608078, 0.009753196981883532
0.33335143495599134, -0.942860153424283, 0.00015333552665874553
0.3339888477935997, -0.9426998948997778, 0.0003274400468564946
0.3330485366572841, -0.9419805626351546, 0.002485436840726521
0.32351290642521746, -0.9428090415820634, 0.009243225897863567
0.3286764995707192, -0.9448192954020677, 0.0010051269100020393
0.33019619435653275, -0.9440263547409815, 0.00030432828972948333
0.32053212776633866, -0.9473983158946014, 0.00043024446680061214
0.3227148129115696, -0.9469623853775789, 0.0012460031386549097
0.32351290642521763, -0.9428090415820637, 0.009243225897862972
0.31426968052735454, -0.9475707034082356, 0.004761661826171604
0.3141230311197356, -0.9496282390363434, 0.0006599223342852001
0.31530197674752225, -0.9490995966737112, 0.0002903333119222371
0.15713484026368063, -0.9428090415820609, 0.1571348402636739
0.3080876286790478, -0.9516669069169506, 0.0008304248751456174
0.3107068108106644, -0.9509176416269441, 0.0011057181879383187
0.2699981407311005, -0.9633428807638784, 0.0013106705860732155
0.273036472953065, -0.9623574275564026, 0.0009613960315247626
0.332756132323079, -0.9150793638884741, 0.08318903308076803
0.26415424862623216, -0.964612249405181, 0.00035939353554597373
0.2657203095492563, -0.9643466553246577, 0.0008076605153473405
0.2640647730572166, -0.9623693951418574, 0.005868106067937859
0.2503032853757694, -0.9636676486967107, 0.012515164268787815
0.25472384632217143, -0.967619805834223, 0.001654050950143873
0.25743499750361026, -0.9665005232363811, 0.0005596412989209022
0.24390501845670853, -0.9699579930412329, 0.0004355446758154301
0.2463194793322505, -0.9697059962217918, 0.0014156291915645453
0.2503032853757688, -0.9636676486967107, 0.012515164268788534
0.23876332871234054, -0.9697464427701225, 0.0036732819801901613
0.2382192325182372, -0.9713888540723226, 0.00048715589472049026
0.23914013596788175, -0.9710676232098637, 0.00022667311466155902
0.222460560373297, -0.9692924416265034, 0.01589004002666261
0.23420097211274177, -0.9723607162008775, 0.0004740910366653586
0.2358192342220146, -0.9720524982068172, 0.0007018429589940832
0.17788849841171028, -0.9872811661849907, 0.008894424920585519
0.19063676631714352, -0.9823629284709943, 0.0019452731256851936
0.40406101782087916, -1.0101525445522097, 0.20203050891043736
0.22246056037329556, -0.969292441626504, 0.015890040026662874
0.2144778862366779, -0.9772148691658639, 0.0013404867889792265
0.2173272664555401, -0.9763863686378462, 0.0007931652060420253
0.2048171366195517, -0.9753196981883416, 0.009753196981883249
0.2069149480587563, -0.9785721190243174, 0.0005895012765205345
0.20929898183935416, -0.9782703792049376, 0.001156347965962939
0.0812971788856298, -0.9970071608391498, 0.0008933755921497882
0.08313499668383596, -0.9967013414581409, 0.00045930937394372844
0.08408837397894094, -0.9937716924783913, 0.007644397634448666
0.07502775109853067, -0.9973927229368144, 0.0005954583420516758
0.07726831828925637, -0.9973713189705293, 0.0010166883985428857
0.07012629234907934, -0.9934558082786207, 0.011687715391513167
-2.355138688025677e-15, -1.037089945740271, 0.0942809041582092
0.09653334896744704, -0.9959023835141593, 0.001608889149457887
0.1081912014930243, -0.9969046423285753, 0.007727942963787562
0.06125130343495112, -0.9982974535648008, 0.0004939621244754023
0.062406577129631484, -0.9981697148422202, 0.0003355192318796923
0.0701262923490789, -0.9934558082786203, 0.011687715391512705
0.05882699439781039, -0.9983240604239646, 0.00015771312171000232
0.0595064615088464, -0.9983484056569863, 0.00034003692290772387
0.05881900892329348, -0.9973658034819296, 0.002557348214056528
0.05020876552803896, -0.9958071829727709, 0.008368127588006556
0.05383817776539314, -0.9988904767543478, 0.0009613960315248125
0.05545935538718026, -0.998566565546594, 0.000298168577350448
0.0461275974266142, -0.9990651855335687, 0.00036609204306845716
0.04805049941653773, -0.9992319765029974, 0.0010920568049211734
0.05020876552803912, -0.9958071829727709, 0.008368127588006766
0.04126352569258394, -0.9978270758388414, 0.0037512296084167116
0.040611730798791476, -0.9993570211753167, 0.0005140725417567047
0.041614803249801935, -0.9992151100753489, 0.00022991604005404362
-2.664399323827003e-16, -0.9856639980176118, 0.042854956435548715
0.03584825253163759, -0.9995687747571559, 0.0005974708755272317
0.03784399294308481, -0.9995750309966902, 0.0008226954987625102
0.012806591121101722, -1.0001337827908046, 0.0006098376724333733
0.014312967820295789, -1.0000609128632465, 0.0004617086393644605
0.15713484026368996, -0.942809041582056, 0.15713484026369176
0.010102652973755823, -1.0000047904491078, 0.00015785395271486702
0.010803770529970277, -1.0000690253909053, 0.00036012568433244313
0.010379549081637409, -0.9990315991075992, 0.0025948872704095794
0.004893472534163001, -0.9982683969692435, 0.004893472534162696
0.005961556000635854, -1.000216617884484, 0.0006623951111816925
0.007136679217575349, -1.0000559522950878, 0.0002302154586314663
0.0017395000767195202, -1.0000544077432016, 0.00015813637061077858
0.0026237728429926743, -1.0001822077488383, 0.00052475456859861
0.00489347253416267, -0.9982683969692431, 0.004893472534162669
0.0, -0.9995482282474095, 0.0012798312781653232
-0.0003364371505584946, -1.0000594300354526, 0.00016821857527917893
0.0, -1.0000279060678325, 7.892257170429429e-05
-0.00489347253416267, -0.9982683969692431, 0.004893472534162865
-0.0017395000767195202, -1.0000544077432016, 0.00015813637061095522
-0.001186619871096611, -1.0000832273603326, 0.0002373239742194071
-0.01731690076375244, -1.000532044127904, 0.0019241000848616338
-0.014312967820295789, -1.0000609128632465, 0.00046170863936423475
-0.15713484026368996, -0.942809041582056, 0.15713484026369198
-0.004893472534163001, -0.9982683969692435, 0.004893472534162852
-0.007985610328000652, -1.0001026267924817, 0.0003802671584761477
-0.007136679217575349, -1.0000559522950878, 0.0002302154586315492
-0.010379549081637409, -0.9990315991075992, 0.002594887270409531
-0.010102652973755823, -1.0000047904491078, 0.00015785395271509974
-0.009455406033250064, -1.0000667781167438, 0.0003151802011084756
-0.08521958156176557, -0.9967454856084974, 0.0010787288805283145
-0.08313499668383596, -0.9967013414581409, 0.00045930937394373793
-0.08408837397894094, -0.9937716924783913, 0.007644397634448803
-0.09653334896744704, -0.9959023835141593, 0.001608889149457035
-0.09149623610290085, -0.9965133540772441, 0.0019890486109327096
2.355138688025677e-15, -1.037089945740271, 0.09428090415820897
-0.07012629234907934, -0.9934558082786207, 0.011687715391513096
-0.07502775109853067, -0.9973927229368144, 0.0005954583420516629
-0.07210358834810698, -0.9979792114544783, 0.001638717917002446
-0.03584825253163759, -0.9995687747571559, 0.0005974708755273439
-0.03219347946865608, -1.0002973977760918, 0.002299534247761033
2.664399323827003e-16, -0.9856639980176118, 0.0428549564355488
-0.04126352569258394, -0.9978270758388414, 0.0037512296084162154
-0.042571430425389425, -0.9992590702047407, 0.0004678179167625968
-0.041614803249801935, -0.9992151100753489, 0.0002299160400540994
-0.05020876552803912, -0.9958071829727709, 0.008368127588006768
-0.0461275974266142, -0.9990651855335687, 0.00036609204306819576
-0.04480209701557132, -0.999204663702541, 0.0005895012765208581
-0.06433465434028694, -0.9983359753876679, 0.0011488331132192835
-0.062406577129631484, -0.9981697148422202, 0.0003355192318796462
-0.0701262923490789, -0.9934558082786203, 0.011687715391512777
-0.05020876552803896, -0.9958071829727709, 0.008368127588006672
-0.05651385167072628, -0.998563298472269, 0.0004557568683119213
-0.05545935538718026, -0.998566565546594, 0.0002981685773503395
-0.05881900892329348, -0.9973658034819296, 0.0025573482140565855
-0.05882699439781039, -0.9983240604239646, 0.00015771312170988493
-0.05816389504472206, -0.9984248040819689, 0.000332365114541445
-0.4601133945445401, -0.8882352647240198, 0.0009409271872076077
-0.4583702944097129, -0.8889342392059455, 0.0004344742127106387
-0.45733274405100083, -0.8865219346219401, 0.007035888370015583
-0.46730535104502274, -0.8844747028888587, 0.0009459622490794076
-0.4644924310433627, -0.8861299056511769, 0.0013824179495338196
-0.482902192029838, -0.8623253429104232, 0.03449301371641801
-0.4351426345763364, -0.8920424008814909, 0.021757131728817325
-0.4502328566963802, -0.8932298281958547, 0.0008039872441005931
-0.44659375653887196, -0.8957541438624506, 0.002566630784706338
-0.5062061968225843, -0.8637143233285346, 0.003163788730141073
-0.4999929239873908, -0.8667760543577033, 0.0018247916933846753
-0.48290219202983703, -0.862325342910424, 0.034493013716417234
-0.5219652580367575, -0.8535842111484294, 0.0014870805072272877
-0.5171164743222832, -0.8570991287109665, 0.0028569970957033814
-0.521026049295351, -0.8435659845734247, 0.024810764252159737
-0.40406101782088316, -1.0101525445522128, 0.20203050891044466
-0.6017930052651478, -0.8124205571079477, 0.030089650263257568
-0.5611049761642244, -0.8302063422838002, 0.005725560981267631
-0.4329798978239696, -0.9025100467629494, 0.00281155777807773
-0.4282674382433335, -0.9040167011614718, 0.0009310161700942732
-0.4351426345763373, -0.8920424008814906, 0.021757131728817606
-0.3327561323230792, -0.915079363888473, 0.08318903308077226
-0.40974401385212017, -0.9129733124180741, 0.001989048610932609
-0.40528420960036193, -0.9147435857529304, 0.0014270570760577582
-0.4159451654038512, -0.9058361379906099, 0.00924322589786351
-0.41795213845766943, -0.9086904996671517, 0.000568642365248377
-0.41579648080495796, -0.9099497452266565, 0.0012638190905925916
-0.19676014780843057, -0.9813412371945477, 0.0024595018476052206
-0.19063676631714352, -0.9823629284709943, 0.0019452731256851682
-0.40406101782087916, -1.0101525445522097, 0.20203050891043722
-0.2069149480587563, -0.9785721190243174, 0.0005895012765208085
-0.20438197943122322, -0.9793874719053247, 0.0013716911371223488
-0.2048171366195517, -0.9753196981883416, 0.009753196981883299
-0.22246056037329556, -0.969292441626504, 0.015890040026662992
-0.2213166764277141, -0.9760065430462205, 0.002213166764276803
-0.2173272664555401, -0.9763863686378462, 0.0007931652060420444
-0.23420097211274177, -0.9723607162008775, 0.00047409103666565944
-0.23168003752187236, -0.9733779354217547, 0.0016088891494573125
-0.222460560373297, -0.9692924416265034, 0.015890040026662305
-0.23876332871234054, -0.9697464427701225, 0.0036732819801898356
-0.2400952201792342, -0.970923984197862, 0.00047923197640553514
-0.23914013596788175, -0.9710676232098637, 0.00022667311466157498
-0.2503032853757688, -0.9636676486967107, 0.012515164268788287
-0.24390501845670853, -0.9699579930412329, 0.0004355446758156094
-0.24243661069253034, -0.9704088378813042, 0.0006623951111817979
-0.2790714763082903, -0.9616652224137047, 0.00377123616632822
-0.273036472953065, -0.9623574275564026, 0.0009613960315249365
-0.332756132323079, -0.9150793638884741, 0.08318903308076794
-0.2503032853757694, -0.9636676486967107, 0.012515164268788095
-0.2594387933538837, -0.9660920102163864, 0.0009071286480904679
-0.25743499750361026, -0.9665005232363811, 0.0005596412989210027
-0.2640647730572166, -0.9623693951418574, 0.005868106067938162
-0.26415424862623216, -0.964612249405181, 0.00035939353554565107
-0.26275403809402315, -0.9651297908938365, 0.0007278505210358343
-0.3537391779766648, -0.9356252627576074, 0.0007431495335643412
-0.35233675814112914, -0.9359958998500529, 0.0003244353205716829
-0.352219226855186, -0.9339146166614777, 0.005336654952351251
-0.3606001592030369, -0.9330893607410112, 0.000971968084105255
-0.35769037896205214, -0.934322911594826, 0.0012729194980854723
-1.4142135623729604, -4.780476147457758e-14, 1.414213562372962
-0.34136189436591974, -0.9363069102608079, 0.00975319698188291
-0.34668940571502327, -0.938155492512063, 0.00046535490700006107
-0.34457320099212774, -0.9392613123569193, 0.0013303984594287281
-0.3080876286790478, -0.9516669069169506, 0.0008304248751458017
-0.30328917361736274, -0.954168186661365, 0.003407743523790624
-0.15713484026368063, -0.9428090415820609, 0.15713484026367375
-0.31426968052735454, -0.9475707034082356, 0.004761661826171667
-0.3164673706009721, -0.9488203703128415, 0.0005817414900751383
-0.31530197674752225, -0.9490995966737112, 0.0002903333119222909
-0.32351290642521763, -0.9428090415820637, 0.00924322589786298
-0.32053212776633866, -0.9473983158946014, 0.0004302444668000908
-0.319064690660463, -0.9479970853326402, 0.0007074605114419518
-0.33829395383760197, -0.9414296574685563, 0.0010345380851303763
-0.3365697993364351, -0.9417750329819515, 0.00031020258003363975
-0.34136189436591935, -0.9363069102608078, 0.009753196981883662
-0.32351290642521746, -0.9428090415820634, 0.009243225897863725
-0.3312200860368472, -0.9437252797177116, 0.0004581190678240677
-0.33019619435653275, -0.9440263547409815, 0.0003043282897293992
-0.3330485366572841, -0.9419805626351546, 0.0024854368407262856
-0.33335143495599134, -0.942860153424283, 0.00015333552665869194
-0.33275613232308104, -0.9431352730843411, 0.00032623150227768555
-0.9426998948997778, 0.3339888477935997, 0.00032744004685662066
-0.942860153424283, 0.33335143495599134, 0.00015333552665884403
-0.9419805626351546, 0.3330485366572841, 0.0024854368407266135
-0.9417750329819515, 0.3365697993364351, 0.00031020258003364756
-0.9421901974458101, 0.33556823288340915, 0.0004641331021900698
-0.9363069102608078, 0.34136189436591935, 0.00975319698188331
-0.9428090415820634, 0.32351290642521746, 0.00924322589786374
-0.9440263547409815, 0.33019619435653275, 0.000304328289729516
-0.9448192954020677, 0.3286764995707192, 0.0010051269100021752
-0.9376598933484093, 0.3483398780066989, 0.0007723722350482146
-0.938155492512063, 0.34668940571502327, 0.00046535490700006876
-0.9363069102608079, 0.34136189436591974, 0.009753196981882956
-0.9359958998500529, 0.35233675814112914, 0.0003244353205717472
-0.9365695476966505, 0.3511328972756567, 0.0006454648846979242
-0.9339146166614777, 0.352219226855186, 0.005336654952351063
-4.780476147457758e-14, 1.4142135623729604, 1.4142135623729624
-0.931814183954284, 0.36695337332712996, 0.004123071610417273
-0.9330893607410112, 0.3606001592030369, 0.0009719680841051797
-0.9469623853775789, 0.3227148129115696, 0.0012460031386548336
-0.9473983158946014, 0.32053212776633866, 0.00043024446680046686
-0.9428090415820637, 0.32351290642521763, 0.009243225897862629
-0.9428090415820609, 0.15713484026368063, 0.15713484026367397
-0.9509176416269441, 0.3107068108106644, 0.0011057181879383499
-0.9516669069169506, 0.3080876286790478, 0.0008304248751454796
-0.9475707034082356, 0.31426968052735454, 0.0047616618261716
-0.9490995966737112, 0.31530197674752225, 0.00029033331192210624
-0.9496282390363434, 0.3141230311197356, 0.0006599223342849487
-0.9078901881901351, 0.42019020248287003, 0.0011639617797310894
-0.9086904996671517, 0.41795213845766943, 0.0005686423652487574
-0.9058361379906099, 0.4159451654038512, 0.009243225897863673
-0.9040167011614718, 0.4282674382433335, 0.0009310161700938946
-0.9056320289013827, 0.4253050250669872, 0.0014870805072273792
-0.8920424008814906, 0.4351426345763373, 0.021757131728818095
-0.915079363888473, 0.3327561323230792, 0.08318903308077225
-0.9147435857529304, 0.40528420960036193, 0.0014270570760577582
-0.9195076774364994, 0.3979156031011747, 0.005377237879745698
-0.8920804711032385, 0.45284528768902244, 0.0012372822068005412
-0.8932298281958547, 0.4502328566963802, 0.0008039872441009252
-0.8920424008814909, 0.4351426345763364, 0.02175713172881728
-0.8889342392059455, 0.4583702944097129, 0.0004344742127104535
-0.8899242017254293, 0.45681559945127054, 0.0009118075837348805
-0.8865219346219401, 0.45733274405100083, 0.0070358883700156055
-0.8623253429104232, 0.482902192029838, 0.03449301371641804
-0.8826530122467808, 0.4724982667789462, 0.003281237963742696
-0.8844747028888587, 0.46730535104502274, 0.0009459622490790157
-0.8667760543577033, 0.4999929239873908, 0.0018247916933849184
-0.872180489686543, 0.4927573388059561, 0.00492757338805974
-0.862325342910424, 0.48290219202983703, 0.034493013716417276
-0.8435659845734247, 0.521026049295351, 0.02481076425215991
-0.8506547743597561, 0.5281148390816823, 0.0035443948931657143
-0.8535842111484294, 0.5219652580367575, 0.0014870805072274879
-1.0101525445522128, 0.40406101782088316, 0.20203050891044494
-0.8302063422838002, 0.5611049761642244, 0.005725560981267383
-0.8403297979318387, 0.54655596613453, 0.006831949576681947
-0.9643466553246577, 0.2657203095492563, 0.0008076605153473855
-0.964612249405181, 0.26415424862623216, 0.00035939353554605076
-0.9623693951418574, 0.2640647730572166, 0.005868106067938109
-0.9623574275564026, 0.273036472953065, 0.0009613960315246756
-0.9633428807638784, 0.2699981407311005, 0.0013106705860732376
-0.9150793638884741, 0.332756132323079, 0.08318903308076786
-0.9636676486967107, 0.2503032853757694, 0.012515164268787845
-0.9665005232363811, 0.25743499750361026, 0.0005596412989207513
-0.967619805834223, 0.25472384632217143, 0.0016540509501437844
-0.9823629284709943, 0.19063676631714352, 0.001945273125685263
-0.9872811661849907, 0.17788849841171028, 0.008894424920585424
-1.0101525445522097, 0.40406101782087916, 0.20203050891043717
-0.9753196981883416, 0.2048171366195517, 0.009753196981882907
-0.9782703792049376, 0.20929898183935416, 0.001156347965963481
-0.9785721190243174, 0.2069149480587563, 0.0005895012765207487
-0.969292441626504, 0.22246056037329556, 0.015890040026662736
-0.9763863686378462, 0.2173272664555401, 0.0007931652060419697
-0.9772148691658639, 0.2144778862366779, 0.0013404867889789747
-0.9697059962217918, 0.2463194793322505, 0.001415629191564808
-0.9699579930412329, 0.24390501845670853, 0.00043554467581546197
-0.9636676486967107, 0.2503032853757688, 0.0125151642687885
-0.9692924416265034, 0.222460560373297, 0.01589004002666279
-0.9720524982068172, 0.2358192342220146, 0.0007018429589939767
-0.9723607162008775, 0.23420097211274177, 0.00047409103666541387
-0.9697464427701225, 0.23876332871234054, 0.0036732819801898846
-0.9710676232098637, 0.23914013596788175, 0.00022667311466149565
-0.9713888540723226, 0.2382192325182372, 0.00048715589472032167
-0.8570991287109665, -0.5171164743222832, 0.002856997095703503
-0.8535842111484294, -0.5219652580367575, 0.0014870805072274879
-0.8435659845734247, -0.521026049295351, 0.02481076425215991
-0.8667760543577033, -0.4999929239873908, 0.0018247916933849184
-0.8637143233285346, -0.5062061968225843, 0.0031637887301412242
-0.862325342910424, -0.48290219202983703, 0.034493013716417276
-1.0101525445522128, -0.40406101782088316, 0.20203050891044494
-0.8302063422838002, -0.5611049761642244, 0.005725560981267383
-0.8124205571079477, -0.6017930052651478, 0.030089650263257745
-0.8861299056511769, -0.4644924310433627, 0.001382417949533704
-0.8844747028888587, -0.46730535104502274, 0.0009459622490790157
-0.8623253429104232, -0.482902192029838, 0.03449301371641804
-0.8889342392059455, -0.4583702944097129, 0.0004344742127104535
-0.8882352647240198, -0.4601133945445401, 0.0009409271872077759
-0.8865219346219401, -0.45733274405100083, 0.0070358883700156055
-0.8920424008814909, -0.4351426345763364, 0.02175713172881728
-0.8957541438624506, -0.44659375653887196, 0.002566630784706203
-0.8932298281958547, -0.4502328566963802, 0.0008039872441009252
-0.9040167011614718, -0.4282674382433335, 0.0009310161700938946
-0.9025100467629494, -0.4329798978239696, 0.002811557778077764
-0.8920424008814906, -0.4351426345763373, 0.021757131728818095
-0.9058361379906099, -0.4159451654038512, 0.009243225897863673
-0.9099497452266565, -0.41579648080495796, 0.0012638190905924717
-0.9086904996671517, -0.41795213845766943, 0.0005686423652487574
-0.915079363888473, -0.3327561323230792, 0.08318903308077225
-0.9147435857529304, -0.40528420960036193, 0.0014270570760577582
-0.9129733124180741, -0.40974401385212017, 0.0019890486109326692
-0.934322911594826, -0.35769037896205214, 0.0012729194980854277
-0.9330893607410112, -0.3606001592030369, 0.0009719680841051797
-4.780476147457758e-14, -1.4142135623729604, 1.4142135623729624
-0.9359958998500529, -0.35233675814112914, 0.0003244353205717472
-0.9356252627576074, -0.3537391779766648, 0.0007431495335643709
-0.9339146166614777, -0.352219226855186, 0.005336654952351063
-0.9363069102608079, -0.34136189436591974, 0.009753196981882956
-0.9392613123569193, -0.34457320099212774, 0.0013303984594292405
-0.938155492512063, -0.34668940571502327, 0.00046535490700006876
-0.9417750329819515, -0.3365697993364351, 0.00031020258003364756
-0.9414296574685563, -0.33829395383760197, 0.001034538085130191
-0.9363069102608078, -0.34136189436591935, 0.00975319698188331
-0.9419805626351546, -0.3330485366572841, 0.0024854368407266135
-0.9431352730843411, -0.33275613232308104, 0.00032623150227772957
-0.942860153424283, -0.33335143495599134, 0.00015333552665884403
-0.9428090415820634, -0.32351290642521746, 0.00924322589786374
-0.9440263547409815, -0.33019619435653275, 0.000304328289729516
-0.9437252797177116, -0.3312200860368472, 0.00045811906782423673
-0.954168186661365, -0.30328917361736274, 0.003407743523790665
-0.9516669069169506, -0.3080876286790478, 0.0008304248751454796
-0.9428090415820609, -0.15713484026368063, 0.15713484026367397
-0.9428090415820637, -0.32351290642521763, 0.009243225897862629
-0.9479970853326402, -0.319064690660463, 0.0007074605114423458
-0.9473983158946014, -0.32053212776633866, 0.00043024446680046686
-0.9475707034082356, -0.31426968052735454, 0.0047616618261716
-0.9490995966737112, -0.31530197674752225, 0.00029033331192210624
-0.9488203703128415, -0.3164673706009721, 0.0005817414900754125
-0.9793874719053247, -0.20438197943122322, 0.0013716911371225871
-0.9785721190243174, -0.2069149480587563, 0.0005895012765207487
-0.9753196981883416, -0.2048171366195517, 0.009753196981882907
-0.9823629284709943, -0.19063676631714352, 0.001945273125685263
-0.9813412371945477, -0.19676014780843057, 0.0024595018476053125
-1.0101525445522097, -0.40406101782087916, 0.20203050891043717
-0.969292441626504, -0.22246056037329556, 0.015890040026662736
-0.9763863686378462, -0.2173272664555401, 0.0007931652060419697
-0.9760065430462205, -0.2213166764277141, 0.0022131667642770543
-0.9623574275564026, -0.273036472953065, 0.0009613960315246756
-0.9616652224137047, -0.2790714763082903, 0.0037712361663281794
-0.9150793638884741, -0.332756132323079, 0.08318903308076786
-0.9623693951418574, -0.2640647730572166, 0.005868106067938109
-0.9651297908938365, -0.26275403809402315, 0.000727850521036108
-0.964612249405181, -0.26415424862623216, 0.00035939353554605076
-0.9636676486967107, -0.2503032853757694, 0.012515164268787845
-0.9665005232363811, -0.25743499750361026, 0.0005596412989207513
-0.9660920102163864, -0.2594387933538837, 0.000907128648090693
-0.9733779354217547, -0.23168003752187236, 0.0016088891494572732
-0.9723607162008775, -0.23420097211274177, 0.00047409103666541387
-0.9692924416265034, -0.222460560373297, 0.01589004002666279
-0.9636676486967107, -0.2503032853757688, 0.0125151642687885
-0.9704088378813042, -0.24243661069253034, 0.0006623951111818238
-0.9699579930412329, -0.24390501845670853, 0.00043554467581546197
-0.9697464427701225, -0.23876332871234054, 0.0036732819801898846
-0.9710676232098637, -0.23914013596788175, 0.00022667311466149565
-0.970923984197862, -0.2400952201792342, 0.0004792319764057914
-0.9983484056569863, 0.0595064615088464, 0.00034003692290787566
-0.9983240604239646, 0.05882699439781039, 0.0001577131217100168
-0.9973658034819296, 0.05881900892329348, 0.002557348214056332
-0.9981697148422202, 0.062406577129631484, 0.00033551923187979276
-0.9982974535648008, 0.06125130343495112, 0.0004939621244753621
-0.9934558082786203, 0.0701262923490789, 0.011687715391512398
-0.9958071829727709, 0.05020876552803896, 0.008368127588006712
-0.998566565546594, 0.05545935538718026, 0.0002981685773504328
-0.9988904767543478, 0.05383817776539314, 0.0009613960315248768
-0.9973713189705293, 0.07726831828925637, 0.0010166883985427552
-0.9973927229368144, 0.07502775109853067, 0.0005954583420518304
-0.9934558082786207, 0.07012629234907934, 0.011687715391513117
-0.9967013414581409, 0.08313499668383596, 0.00045930937394385296
-0.9970071608391498, 0.0812971788856298, 0.0008933755921498148
-0.9937716924783913, 0.08408837397894094, 0.007644397634448707
-1.037089945740271, -2.355138688025677e-15, 0.09428090415820879
-0.9969046423285753, 0.1081912014930243, 0.007727942963787486
-0.9959023835141593, 0.09653334896744704, 0.0016088891494572158
-0.9992319765029974, 0.04805049941653773, 0.0010920568049213551
-0.9990651855335687, 0.0461275974266142, 0.000366092043068647
-0.9958071829727709, 0.05020876552803912, 0.008368127588006638
-0.9856639980176118, -2.664399323827003e-16, 0.04285495643554804
-0.9995750309966902, 0.03784399294308481, 0.0008226954987627627
-0.9995687747571559, 0.03584825253163759, 0.0005974708755274431
-0.9978270758388414, 0.04126352569258394, 0.0037512296084165732
-0.9992151100753489, 0.041614803249801935, 0.0002299160400541851
-0.9993570211753167, 0.040611730798791476, 0.0005140725417572692
-0.9965133540772441, -0.09149623610290085, 0.0019890486109327486
-0.9959023835141593, -0.09653334896744704, 0.0016088891494572158
-1.037089945740271, 2.355138688025677e-15, 0.09428090415820879
-0.9967013414581409, -0.08313499668383596, 0.00045930937394385296
-0.9967454856084974, -0.08521958156176557, 0.0010787288805285814
-0.9937716924783913, -0.08408837397894094, 0.007644397634448707
-0.9934558082786207, -0.07012629234907934, 0.011687715391513117
-0.9979792114544783, -0.07210358834810698, 0.001638717917002313
-0.9973927229368144, -0.07502775109853067, 0.0005954583420518304
-0.9981697148422202, -0.062406577129631484, 0.00033551923187979276
-0.9983359753876679, -0.06433465434028694, 0.001148833113219081
-0.9934558082786203, -0.0701262923490789, 0.011687715391512398
-0.9973658034819296, -0.05881900892329348, 0.002557348214056332
-0.9984248040819689, -0.05816389504472206, 0.0003323651145412855
-0.9983240604239646, -0.05882699439781039, 0.0001577131217100168
-0.9958071829727709, -0.05020876552803896, 0.008368127588006712
-0.998566565546594, -0.05545935538718026, 0.0002981685773504328
-0.998563298472269, -0.05651385167072628, 0.0004557568683125992
-1.0002973977760918, -0.03219347946865608, 0.0022995342477608476
-0.9995687747571559, -0.03584825253163759, 0.0005974708755274431
-0.9856639980176118, 2.664399323827003e-16, 0.04285495643554804
-0.9958071829727709, -0.05020876552803912, 0.008368127588006638
-0.999204663702541, -0.04480209701557132, 0.0005895012765206263
-0.9990651855335687, -0.0461275974266142, 0.000366092043068647
-0.9978270758388414, -0.04126352569258394, 0.0037512296084165732
-0.9992151100753489, -0.041614803249801935, 0.0002299160400541851
-0.9992590702047407, -0.042571430425389425, 0.00046781791676211006
-1.0000690253909053, 0.010803770529970277, 0.000360125684332391
-1.0000047904491078, 0.010102652973755823, 0.00015785395271478828
-0.9990315991075992, 0.010379549081637409, 0.002594887270409451
-1.0000609128632465, 0.014312967820295789, 0.0004617086393643629
-1.0001337827908046, 0.012806591121101722, 0.0006098376724332723
-0.942809041582056, 0.15713484026368996, 0.15713484026369182
-0.9982683969692435, 0.004893472534163001, 0.0048934725341625365
-1.0000559522950878, 0.007136679217575349, 0.000230215458631548
-1.000216617884484, 0.005961556000635854, 0.0006623951111816695
-1.0000609128632465, -0.014312967820295789, 0.0004617086393643629
-1.000532044127904, -0.01731690076375244, 0.0019241000848615704
-0.942809041582056, -0.15713484026368996, 0.15713484026369182
-0.9990315991075992, -0.010379549081637409, 0.002594887270409451
-1.0000667781167438, -0.009455406033250064, 0.0003151802011081172
-1.0000047904491078, -0.010102652973755823, 0.00015785395271478828
-0.9982683969692435, -0.004893472534163001, 0.0048934725341625365
-1.0000559522950878, -0.007136679217575349, 0.000230215458631548
-1.0001026267924817, -0.007985610328000652, 0.0003802671584764246
-1.0001822077488383, 0.0026237728429926743, 0.0005247545685985271
-1.0000544077432016, 0.0017395000767195202, 0.0001581363706108639
-0.9982683969692431, 0.00489347253416267, 0.004893472534163437
-0.9982683969692431, -0.00489347253416267, 0.004893472534163437
-1.0000832273603326, -0.001186619871096611, 0.00023732397421924114
-1.0000544077432016, -0.0017395000767195202, 0.0001581363706108639
-0.9995482282474095, 0.0, 0.0012798312781652221
-1.0000279060678325, 0.0, 7.892257170472039e-05
-1.0000594300354526, -0.0003364371505584946, 0.00016821857527924122
